"Return","Risk","SharpeRatio","Midcap_Wt","Adani_Wt","US_Nasdaq_Wt","Gold_Wt","Nestle_Wt","HDFC_Wt","LT_Wt"
0.355997726283859,0.436077540222044,0.678773151520581,6.1,9.3,17.7,11.2,20,16.9,18.8
0.45855832707323,0.586953545389985,0.679028741207141,18,16.3,23.4,15.7,18.6,1.6,6.4
0.255807983604728,0.182082296741525,1.07538177576202,17,20,19.3,0.4,14.6,15.1,13.6
0.227543077749408,0.168546486008999,0.994046697244474,18.9,10.8,12,1.2,16.5,20.3,20.2
0.356054957983301,0.485982482925989,0.609188537415634,8.5,1.8,18.9,12.8,11.7,17.1,29.2
0.536019113068802,0.691200990100644,0.688684072919933,20.5,28.8,9,18.3,4.5,6.6,12.4
0.53886620446379,0.861310554728894,0.555973918854992,10.9,14.5,6.1,23.6,20.9,13.2,10.9
0.635771849853887,1.0933374553643,0.526618608947262,13.6,13.3,11,30.2,18.8,3.2,10
0.284955164632115,0.240901619941079,0.933805113834998,21.3,13.7,20.6,4.7,2.8,25.2,11.6
0.483870660427599,0.671109505535504,0.631596865982961,18.1,18.1,7.8,18.1,12.7,13.1,12.2
0.348609291265018,0.455068414958925,0.634210773101159,20.1,3.7,3.5,12,16.5,17.1,27.1
0.334034198677352,0.317238425294257,0.863811495795849,2.1,18.6,21.5,6.9,14.6,16.3,20
0.294764603086813,0.245985622923104,0.954383432239052,16.2,11.6,29.4,5.3,24.3,8.6,4.5
0.471486244359877,0.636269301506277,0.646717110798434,10.4,17.5,17.2,17,11.3,11,15.7
0.332678651934046,0.468153872448917,0.582455188307344,8.5,0.8,9.2,12.2,11.8,26.4,31
0.406202090350927,0.523678951347193,0.661096057919271,28.3,10,21.3,14,7.9,13.7,4.8
0.583974938724826,0.903939545676688,0.579657059181517,17.8,18.3,10.6,24.8,18.7,1.2,8.7
0.390310333437236,0.464419580606621,0.711232573367789,20,12.3,7.3,12.1,15.5,9,23.7
0.535775980786467,0.805904908669158,0.590362430689429,4.2,20.3,6.3,21.8,18.6,13.8,15.1
0.644629960482809,1.0174512116726,0.574602451474533,23.3,25.1,0.9,27.8,2.6,10.1,10.1
0.586357709461725,0.904436125200774,0.581973336530405,8.5,24.8,15.9,24.5,3.2,21,2.1
0.355296115406809,0.467366658692629,0.631829656468959,26.2,4.8,5.7,12.3,0.4,24.9,25.8
0.374463607814459,0.459996712129345,0.683621424941915,28.2,11.4,8.6,12,5,23.1,11.7
0.460394917295324,0.601227554909051,0.665962353232284,19.6,18.7,3.8,16,10.5,12.6,18.8
0.281429065956659,0.284273852552868,0.778928712465662,10,7.1,21.1,6.4,14.5,23.2,17.7
0.266551923559736,0.198393531580887,1.04112226801872,10.5,20.6,18.4,1.6,17.5,18.9,12.5
0.494034954752858,0.65159670949548,0.666109801396824,19.4,22.6,7.9,17.4,8.1,11.6,13
0.255342108328937,0.182789715463254,1.06867122055456,13.1,18.3,17.4,0.9,20.5,13.4,16.3
0.392686006929204,0.594810110913939,0.559314646514708,19.3,0.7,16.5,16.1,9.6,20.9,16.9
0.465153937704145,0.62284079126897,0.65049358260349,9.3,21.8,4,16.4,7.5,22.5,18.6
0.709902758725608,1.1180599078826,0.581277223289763,2.9,33.4,10.8,30.4,8.1,5,9.4
0.528585628410636,0.806625300453038,0.580921064771285,20.9,18.9,4,21.9,1.9,24.3,8.1
0.451361832706133,0.614358256083231,0.63702543073355,17.1,13.2,18.7,16.4,2.5,14.3,17.7
0.320604707950309,0.362121636093807,0.719660694018294,22.7,7.3,4.8,9.2,24.8,16.5,14.7
0.33550935499233,0.378913240644934,0.727104058236118,15.4,10.3,1.8,9.6,29.5,13.9,19.5
0.773519250292077,1.45036323113257,0.491959003769629,14.9,16.7,5.6,40.1,3.2,13.8,5.6
0.294654066881056,0.314583049495939,0.745920885620015,11.6,1.9,21.8,7.7,35,3.3,18.7
0.202805776899982,0.165802520442689,0.861300398321416,10.5,3.5,16.6,1.1,26.5,14.6,27.2
0.247105435751641,0.171660314254486,1.08997491099927,20.5,12.9,34.9,0.4,3.7,8.5,19.2
0.307272924872438,0.324185643969219,0.762751002311245,20.9,9,24.7,7.9,8.4,26,3
0.486978318343418,0.64165966009831,0.665428021886245,26.9,20.7,2.9,17.2,24.4,3.2,4.7
0.485237414910619,0.711372874965387,0.59777007231448,28.4,10.6,9.8,19.4,18.8,3.8,9.1
0.29523775716891,0.317466023437353,0.740985616734291,14.8,7.5,10.8,7.7,23.7,22,13.6
0.243510483218847,0.193162854777545,0.950029877277315,18.4,3.4,25.3,3.6,24.3,10,14.9
0.415402532277877,0.54975129831232,0.64647875024384,7.2,16.4,7.9,14.5,22.7,20.9,10.4
0.514831028124616,0.805725746150947,0.56449856579289,22.3,6.4,15.3,22.1,11.3,0.9,21.7
0.294512688996652,0.27500250160776,0.852765657132603,10.2,13.6,19,5.5,2.5,26,23.2
0.242695819199519,0.175452718577281,1.04128235048719,10,15.2,17.6,1.2,41.6,8.2,6.1
0.435253646072238,0.657994231293023,0.570299294774709,0.4,8.5,20,17.6,5.7,25,22.8
0.500216326504498,0.722710437024735,0.609118540361458,16.9,17.5,7.5,19.5,8.9,15.5,14.2
0.440516980309941,0.487925853916738,0.779866402354801,27.8,24,9.1,12.6,10,7.3,9.1
0.39993788047889,0.581359835767659,0.584728871113048,24,3.5,10.7,15.7,6.8,19.3,19.9
0.292897001763357,0.224724101016314,1.03636859914037,27.5,14.1,16.1,4.1,2,14.3,21.9
0.354478304833023,0.299211834027066,0.984180006751954,5.2,26.5,9.9,5.3,8.4,7.1,37.5
0.43736138190472,0.632662084732275,0.596465934993416,6.2,6.3,16.3,17.1,22.5,4.4,27.1
0.283537892881786,0.204298109521695,1.09417504354365,11.5,25.8,15.7,1.3,24,13.2,8.5
0.417266906638295,0.476320057762444,0.750056397617578,18.1,19.7,16.2,12.4,24.2,5.9,3.5
0.403553633215268,0.488349002713191,0.703500224852589,2.8,19,12.2,12.5,17.6,18.7,17.1
0.586998595301018,0.990098513905626,0.532268847896938,2.2,11.7,20.1,27.2,16.8,8.1,14
0.332867386766112,0.376058405268356,0.725598425519549,12.2,11.8,17.2,9.4,19,23.4,7
0.409661521064288,0.484042066233628,0.722378374642174,12.5,19.9,0.7,12.3,11.4,17.3,25.8
0.505961609578507,0.729258983991732,0.61152706976259,12.8,20.2,4.4,19.7,15.4,16.1,11.4
0.495769113545409,0.650621122314993,0.669774003024813,13.4,23.3,15.9,17.3,4.7,12.9,12.4
0.310025226062688,0.243777016403203,1.02563083982105,18.8,25.3,1.8,4.2,30.1,17.7,2
0.527229656869688,0.937627453033132,0.498310555389826,2.5,4.6,9.4,25.8,21.7,19.1,17
0.597728994293546,0.967266736597877,0.555926275501705,7,17.8,26.9,26.5,10.2,11.3,0.4
0.443237323966659,0.703838981544071,0.544495735552922,23,2.6,23.4,19.3,10.9,18.3,2.6
0.362238235499585,0.487770735828995,0.619631751761233,18,0.8,21.8,13,13.6,11.3,21.5
0.358974093069201,0.339671532393808,0.88018589889534,17.2,17,19.6,8.2,21,3.3,13.6
0.318540135757048,0.303958189579388,0.85057795651044,9.6,15.6,17.8,6.8,14.7,19.8,15.8
0.467813902888643,0.815188148337413,0.50026966623642,1.1,1.9,19.8,22.3,21.5,23.5,10
0.394400532782199,0.413249907824082,0.809196872040323,14.8,27.7,6.6,10,16.7,22.9,1.3
0.345593215095343,0.381482935435017,0.748639555186582,19.3,11,13.9,9.7,16,15.5,14.6
0.209528421890885,0.199481076939168,0.749586999354752,3.4,6.3,7,1.9,20,27.7,33.7
0.34646328628454,0.504296945889874,0.568044856545881,11.3,5.1,3.1,13.2,13.3,37,17
0.384042540272068,0.49042314629429,0.6607407148716,12.1,17.5,6.3,12.6,6.3,36.1,9.1
0.469737652456121,0.700107742495728,0.585249423175207,12.2,12.7,16.6,19,12.7,19.6,7.3
0.380001890959652,0.468688414707801,0.682760403111636,14.6,10.7,14,12.3,20.7,12.5,15.2
0.398330480574467,0.547252617006264,0.618234559434907,21,8.7,0,14.7,26.1,14.5,14.9
0.460905026616016,0.715340128759869,0.560439727198073,10.2,10.6,1.6,19.4,20.2,21.6,16.4
0.571158347814841,0.822490659908546,0.621476173202597,18.1,25.7,4,22.2,4.2,10.7,15
0.324509833587876,0.350663547325353,0.75431231904598,17.8,10.8,13.4,8.7,13.7,22.2,13.4
0.508312124529518,0.847542632508993,0.52895524936884,25.6,5,4.8,23.4,32.9,4.7,3.6
0.245359458385683,0.204698756797153,0.905523127184233,13.5,9.4,5.9,3.2,20.3,20.7,27
0.358674800063198,0.349409449392981,0.854798863001778,9.6,23.2,16.5,7.9,8.7,22,12.1
0.244132653809363,0.173319355622802,1.0623894437393,15.2,13.7,16.8,1.2,20.4,12.3,20.4
0.374802681661524,0.439083916775981,0.71695334225174,13.7,11.9,18.6,11.4,15.2,12.5,16.6
0.543394067951484,0.855392982876591,0.565113436313078,3.9,17.2,11.9,23.2,5.1,20.7,17.9
0.476280963830629,0.711632988057369,0.584965805150492,15.9,11.8,6.7,19.4,20.4,12.2,13.6
0.333248993395918,0.289090845926895,0.945201127070682,3.6,28.3,9.1,5.2,19.1,22.1,12.6
0.327143238164336,0.301132685765565,0.887128003010307,4.5,20.4,21.3,6.3,12.9,20.9,13.7
0.181349851741137,0.134333773777172,0.903345810432066,33,0.6,15.3,0.9,25.6,22.2,2.5
0.328220216196726,0.319665651462392,0.839064863458694,9.5,14.5,17.2,7.4,18.2,14.1,19.1
0.505104136596617,0.707944532256035,0.628727416225938,11.3,21.8,6.7,19,10.3,16.2,14.7
0.380797009460584,0.38042025036715,0.843270065541928,18.3,20.9,9.2,9.3,17,9.1,16.3
0.420456391283756,0.640103561689895,0.563121989717007,23.3,0.9,12.5,17.4,11,12.4,22.4
0.5431536964177,0.853056607384917,0.566379408160062,2,10.9,31.3,23.3,16.9,0.6,15
0.263568730304196,0.229836370407609,0.885711560547063,22.5,10.4,4.6,4.4,10,26.7,21.4
0.298050037149035,0.291512776109294,0.816602415599737,19.1,7.6,20.1,7,17.2,15.8,13.1
0.410325933642196,0.528237926081307,0.663197238110226,12.5,13.8,12.4,13.9,11.3,17.5,18.7
0.40782678354554,0.629812481697049,0.552270387859431,8.5,8.8,8.3,17,24.6,31.5,1.4
0.359031428766061,0.397468950829201,0.752339089989848,10.2,16.6,12.9,9.8,8.6,23.5,18.4
0.497012695239099,0.753783140968871,0.579759179380674,1.4,10.9,19.2,20.5,21.5,5.1,21.4
0.448709102889491,0.62062414125656,0.626319662819566,21.7,11.9,1.2,16.8,24.2,5.4,18.8
0.461497176275321,0.632162828932113,0.635116710284206,6.2,18.5,5.3,16.8,15.8,16.9,20.6
0.488276007533377,0.670928096033248,0.638333690399148,13.6,15.7,18.2,18,7.9,5.6,21
0.462461516490732,0.666392315274079,0.603940812740622,17.4,11.5,17.2,18.1,27,6.8,2
0.272040183295501,0.230146126000794,0.9213284923804,23.7,7.4,27.6,4.8,7.7,18.3,10.5
0.615807374328777,1.13234777210865,0.490845116685095,1.5,3.4,31.6,31.3,20.6,4.7,6.8
0.331846535589773,0.309059884558854,0.879591785190115,9.9,20.6,2.3,6.7,21.5,17.6,21.3
0.242429196925613,0.197020397561501,0.92594065986831,12.2,14.2,26.4,1.8,3.3,30.4,11.6
0.438480451785472,0.589476863042809,0.642061589714991,8.2,18.5,16.5,15.6,15.4,23.3,2.4
0.259466276723066,0.262595189035283,0.759596081923137,39.8,3,5.2,6.1,1.3,31.2,13.3
0.56378873740545,0.866734353622215,0.581249301242116,7.4,22.3,3.4,23.5,16.9,15.4,11.2
0.528436663143172,0.759005320987983,0.617171777575178,10.1,21.5,6.4,20.5,17.8,9.4,14.3
0.447317468035412,0.731036784347272,0.529819396682261,6.5,5.4,10.8,19.9,15.9,25.9,15.6
0.46789825975785,0.729605171103574,0.559067117275057,19.6,7.9,8.3,19.9,13.6,17.7,13.1
0.266880333215212,0.181500592769362,1.13983282400681,40.5,9.5,4.5,2.5,5.6,3.6,33.6
0.429764455304617,0.571421018080651,0.647096350334855,11.1,14.5,8,15.2,18.9,13.5,18.8
0.61023417165827,1.16566846345794,0.472033162865203,13.2,0.3,3.1,32.3,7.7,16,27.5
0.3731397409496,0.374881501470754,0.835303261753581,17.2,20.6,14.8,8.9,0.3,18.1,20.2
0.299489844927,0.313782981529875,0.763234015303658,21.3,7.1,6.8,7.6,14.3,20.6,22.3
0.344586902047832,0.461889926829844,0.616135762044169,5.8,4.1,17.4,12,12.3,23.8,24.6
0.273839402835009,0.212655377855351,1.00556781112991,8.8,23.9,21.3,1.6,10.9,24.4,9.2
0.553003834696125,0.92495132210593,0.533005167854296,33.2,5,18,25.6,16.1,0.5,1.6
0.467499324948464,0.612028561710319,0.665817496833325,13.7,18.4,21.5,16.3,16.6,7.4,6.1
0.30596015453564,0.308088036468894,0.798343737571496,27,3.3,5.4,7.5,16.1,3.1,37.6
0.397056823928243,0.503849000921382,0.66896396204393,6.9,14.4,24.5,13,1.6,25.1,14.6
0.28473913753369,0.209448928596335,1.07300208714279,24,20.9,18.3,3,7.4,23.8,2.7
0.353509903457221,0.415822776609118,0.705853358612741,15.8,9.5,6,10.8,33.8,8.1,15.9
0.402627562088365,0.538066543560578,0.636775443834653,21.2,6.7,18.2,14.5,17.2,8.4,13.8
0.407664332063341,0.572176625661576,0.607617152590525,23.4,7.8,13.2,15.4,11.5,19.5,9.2
0.520336777510264,0.786287880774885,0.585455771055003,10.2,13.2,13.5,21.4,10.2,7.1,24.4
0.346256477509721,0.361475758976364,0.791910578790537,26.4,13.8,8.2,9.1,14.1,16.6,11.8
0.892693512874503,1.74008157449724,0.47853705543379,14.6,16,11.1,48.3,8,0.4,1.6
0.355833554118517,0.408604273645895,0.72400993626144,34.1,10.2,7.2,10.7,22,12.7,3
0.354851435509384,0.343118656454291,0.859327902936875,20.3,20.6,4.8,8.1,14.3,17.4,14.5
0.536410043174236,0.851336388693438,0.559602584244509,23,9.7,5.2,23.4,13.4,4.2,21.1
0.390154714268853,0.438079907564807,0.753640394292705,12.6,22.1,1.2,11,41.9,11,0.1
0.438713614820097,0.603819022653373,0.627197224022371,19.9,12,12.4,16.2,1.6,18.3,19.7
0.345108102528064,0.428414678845651,0.665495643838063,23.9,4.5,10.2,11.3,15,15.5,19.7
0.225190987826265,0.169132138465156,0.976697801643989,24.1,5.3,22.8,1.9,5.1,20,20.9
0.375118004973724,0.538933818867464,0.584706310759873,25.2,0.6,10.6,14.5,13.8,16,19.3
0.494064648233084,0.708853451691973,0.612347513011341,3.5,17.5,18.5,19,5.4,16.7,19.4
0.459001304541306,0.669760144042015,0.595737605605083,6.3,13,12.4,18,10,19.7,20.7
0.482394419356918,0.811854030337454,0.520283700730471,20.8,2,7.9,22.3,7.7,18.2,21.1
0.238749103796104,0.191134086099262,0.935202649846944,20.8,7.5,19.9,3.1,9.6,25,14.1
0.345122497014296,0.348084479896227,0.819118672281219,0.6,23.4,10.7,7.4,8.4,28.4,21.1
0.540958908710679,0.80737474005894,0.595707154122221,16.3,15.9,16.2,22,13.7,3,12.9
0.4466097126825,0.688196811827432,0.561772019338334,18.2,4.9,7.8,18.8,29,8,13.3
0.227426720185511,0.177023237675442,0.945789504158058,15.9,10,15.9,1.7,13.8,24.7,18
0.353242231606428,0.452155831468424,0.648542407722782,25.7,6.1,17.4,11.9,7,24.1,7.7
0.411298047821033,0.622894640798439,0.563976674082044,1.9,7.5,6.6,16.4,0.1,31.4,36.2
0.523446427209669,0.757400147414785,0.611891123591062,5.2,20.5,17.5,20.4,19,10,7.3
0.544835998202293,0.82808196285735,0.58549276514771,1.8,16.4,9.2,22.5,25.7,0.6,23.7
0.410208933858766,0.558659898012048,0.626873228425666,8.3,13.7,2,14.7,13,24.3,24
0.589328429238217,1.10185124852435,0.480399173615423,10.3,4.8,7.9,30.5,30.7,15.1,0.6
0.409906525993293,0.622356193443871,0.562228719950628,15.2,3,18.5,16.9,21.1,16.2,9.1
0.497941842320619,0.758440150442346,0.577424391450265,8.3,13.4,11.7,20.5,3.4,19.3,23.4
0.513836216766361,0.931133576822653,0.487401837999448,10.8,3.1,10.3,25.7,22.7,24.1,3.4
0.477222674816621,0.672239261541316,0.620646098325184,8.1,20.6,0.4,17.9,14,22.4,16.7
0.488254887053972,0.758359453531332,0.564712268120066,11.4,10.4,2.2,20.7,20.7,12.3,22.4
0.589296951955937,0.960292966705203,0.551182785157713,0.8,18.7,1,26.2,27.1,9.2,17
0.497871673059968,0.81965413820326,0.534215167899736,30.7,2.7,9.4,22.6,13.2,8.2,13.2
0.351234537711605,0.364755414322511,0.79843787446593,14.2,16.4,20.8,8.9,14.7,18.2,6.8
0.274750732079821,0.209920055989702,1.02301197980986,26.6,21.5,3.9,2.4,2,29.9,13.6
0.366385289690324,0.462593589989963,0.662320655366131,10,1.4,33.2,12.1,14.2,0.8,28.2
0.474963131802048,0.561803307097446,0.738627072072525,8.1,27.8,2.5,14.4,18.9,4.9,23.4
0.433429153000564,0.563181689306157,0.663070479902553,12.8,17.5,5.5,14.8,13,17.7,18.6
0.577239058037633,0.842385144347775,0.614017307294884,21.2,23.3,7.7,22.9,17.2,1.2,6.4
0.330068791540349,0.292278172538995,0.924012864848184,5.6,19.5,20.9,6,14.7,13,20.3
0.351693612850949,0.477144764591893,0.611331475260842,25.9,2.4,15.3,12.8,17.1,19.5,7
0.539149665311823,0.787197546727792,0.608677792891432,20.2,18.5,13.9,21.4,18.9,2.8,4.2
0.419531852161179,0.499445487983083,0.719862048635339,13.4,21.2,5,12.7,3.8,20.6,23.3
0.364521880228348,0.392563564137265,0.775726297720967,18.3,13.7,21.2,9.9,7.3,13.8,15.8
0.489866940043925,0.716119532732683,0.600272608685271,3.9,13.3,18.5,19.4,18.4,6.8,19.7
0.245705797449954,0.206733634579756,0.898285360422619,12.6,22.3,12.9,1,7.3,37.5,6.5
0.308631956173679,0.215342152460516,1.15459028031805,28.5,18.9,16,3.2,0.9,5,27.5
0.540462674826167,0.895703300416858,0.536408288997664,19.4,2.9,24.1,24.7,3.1,1.9,24
0.395095714700022,0.44339030321527,0.755757878036701,30.5,21.6,3.5,11.2,1.6,26.4,5.2
0.323624028724742,0.294621257279606,0.894789572072708,2.3,23.3,27.6,5.5,5.3,27.4,8.6
0.320212448181297,0.308960156620139,0.842220081151835,12.1,7.5,33.4,7.1,4.1,5.7,30.1
0.490294792169108,0.67262150705703,0.639727971310058,7,22.7,6.8,17.9,23.8,13.6,8.1
0.592964637728442,0.937594455004085,0.568438342274667,7.5,19.4,7.5,25.5,0.5,13.3,26.1
0.448587326030428,0.608693869832026,0.638395333499352,16.3,17,19.7,16.2,7.2,22,1.6
0.324540929282518,0.28962608441852,0.913387790376805,18.2,19.6,5.4,6,4.6,21.3,24.9
0.310192986990531,0.280690553934686,0.891348082375258,28.2,14.1,0.7,6.5,25.4,14.1,11
0.362289154806073,0.352943323923235,0.856480727403759,11.2,24.6,4.1,8.2,29.7,15.5,6.7
0.415757866875288,0.660980168291586,0.538227747127124,15.4,2.4,13.9,18,24.4,20,5.8
0.477472963277242,0.67269203020884,0.620600430107126,15.3,14.2,27.2,18.2,13.1,9.5,2.6
0.382326632893845,0.465678170635171,0.692166077817652,18.9,9.2,20.8,12.3,15,9.2,14.6
0.427761350607041,0.583443138824355,0.630329377680376,21.9,10.5,4.1,15.7,22.1,8.6,17.2
0.747841924433483,1.39113007729902,0.494448316270306,32.8,11.1,6.6,38.6,5.1,2.5,3.4
0.688591193508936,1.28733646228401,0.488288191879287,6.1,6.2,18.7,35.7,13.3,2.8,17.1
0.380091572378311,0.358638309851238,0.892519186004095,46.7,17.8,5,9,11.3,0.6,9.6
0.555274534590763,0.852563143087338,0.58092416802966,10.1,14.2,23.6,23.3,8.5,2.9,17.4
0.736926678012458,1.37714405644268,0.491543840200011,2.9,14.8,11.2,38.1,21.8,8.2,2.9
0.52874103718849,0.943026236134598,0.497060441403866,0.3,0.8,27.6,26,29.3,7.2,8.7
0.39890350900402,0.463990180298161,0.730410951340048,5.8,21.5,7.8,11.6,11.6,22.5,19.2
0.452203364643859,0.691943188819041,0.566814401791054,11.2,1.3,29.3,18.9,18.7,0.5,20.1
0.326240077361736,0.294730236829912,0.903334792606918,15,11.4,28.5,6.9,18.3,2.1,18
0.331459759334278,0.349355478682497,0.777030205331308,4.6,14.6,19.4,8.2,12.6,22.4,18.2
0.392546976566729,0.527339219379649,0.630613017855813,12.4,6.4,18.1,14.1,16.2,11.8,21
0.398594482708729,0.490073036003978,0.690906166700388,24.7,13.4,3.1,13,28.8,7.7,9.4
0.28711487184754,0.228383163192825,0.994446651287448,48.4,5.7,19,5.1,1.7,6.7,13.5
0.323610732425004,0.2646764509865,0.995973504414453,1.1,21.2,13,4.4,23.6,1.7,34.9
0.197130080226223,0.17715810113821,0.774054809490427,9,2.2,25.1,2.4,28.1,28.6,4.6
0.556880984538051,0.850415048609288,0.584280564355742,13,17.3,22.3,23.2,10.6,8,5.6
0.420229557813605,0.645597392854613,0.557978643966934,16.9,4.2,17.2,17.5,13.7,21.3,9.3
0.442274977650142,0.540076613060233,0.707816203119886,21,18.8,17.2,14.2,7.4,10.6,10.8
0.524443020614297,0.769379114207551,0.60365951198541,16.6,17.8,8.2,20.9,23.3,4.9,8.3
0.328814611175741,0.366222148700536,0.734020626905211,6.3,9,18,8.8,6.5,18.8,32.7
0.37416830801082,0.399694769000477,0.786020564633521,16.5,16.2,19,10.1,13.6,11.8,12.8
0.361861649522229,0.519312290973429,0.581271914355044,5.8,3.1,12.1,13.7,18.8,22.7,23.8
0.318299800851447,0.361539733564155,0.714443743997536,8.2,11.3,14,8.9,29,24.1,4.4
0.403091082940962,0.433774789047661,0.790942884657285,8.9,22.6,17.3,10.8,17.4,11.4,11.7
0.245672921126215,0.191776263047712,0.96817467488154,4.3,13,26.3,1.2,16.3,12,26.9
0.481214546913939,0.674996101975092,0.624025154636348,4.9,18.9,14.1,17.9,3,20.7,20.4
0.516220216948511,0.811758830675398,0.562014479804215,20.1,13.8,7.5,22.1,4,22.5,10
0.421970076733864,0.507116490573694,0.71378092304664,12,18.4,24.4,13.1,6.3,15.3,10.4
0.458296984222961,0.54343908054048,0.732919288445052,23.1,21.9,14.6,14.3,11.9,4.6,9.7
0.523971123388635,0.89515516518234,0.518313630346004,25.8,4.6,13.4,24.7,15.1,13.8,2.6
0.435387718942693,0.518740431731861,0.723652323936708,16.5,19.4,9.9,13.6,19.2,5.3,16.1
0.41992758944012,0.576862665325721,0.62393982324526,11.8,10.9,23.7,15.4,6.1,20.3,11.8
0.598363313363495,0.891510580924217,0.603877648659404,14.3,25.6,1.6,24.2,10.7,6.6,17
0.341091054295337,0.39819067683833,0.705920732567688,10.5,9.1,24.4,10,7.6,22,16.4
0.58076718211555,0.912908368884666,0.570448469819364,18.5,16.2,2.6,25,20.1,0.2,17.4
0.440922974809696,0.669908691582634,0.568619245571781,13.5,5.8,22.3,18.2,18.2,14.4,7.6
0.461076999926734,0.640015076213553,0.626668050227159,8.6,16,21.6,17.2,22.3,12.4,1.9
0.249583746997657,0.214171956619077,0.885194074847284,2.8,10.4,7,3.1,31.6,13.7,31.5
0.511060812185274,0.755491834661502,0.59704260389177,7.6,17.9,5.9,20.5,37.2,4.6,6.4
0.565434901899336,0.908178564526128,0.556536920867609,17.6,14.3,13.1,24.9,13.9,9.4,6.7
0.327184647427901,0.439088799449824,0.608497979822492,5.9,5.3,2.8,11,6.5,32.7,35.9
0.442298953877288,0.594661012554857,0.642885519322694,11,18.1,16.2,15.7,7.3,24.4,7.3
0.532350570745099,0.750682868079497,0.629227854837733,2.4,22,12.9,20.1,15.4,5.5,21.6
0.462439099642862,0.681990649532388,0.590094746781055,9.1,12,12.8,18.4,8.2,19.4,20.3
0.415369492108067,0.448022932579435,0.793194870767156,13.1,22.7,16,11.2,6.1,11,19.9
0.572410101276924,1.06734091861343,0.480081005366672,5.1,3.1,13.8,29.4,8.7,23.7,16.1
0.48605954785664,0.829220179164521,0.513807500784551,26.8,0.7,9.2,22.9,15.5,14.1,10.8
0.498910830277029,0.693001581318505,0.633347516237923,2.2,20.6,19.8,18.4,2.4,16.4,20.3
0.340183318947758,0.373517570501927,0.750120853943371,18.9,17.6,1.3,9.2,20.2,29.3,3.6
0.456662523174816,0.645315880299305,0.614679624792186,17.1,12.8,15.4,17.4,8.7,15.7,13
0.533336697438127,0.904342953310934,0.523403976008406,14.3,7.3,12.9,24.9,9.2,17.9,13.6
0.264853098309476,0.182483924689377,1.12258161182239,14.2,20.9,23.7,0.7,23.7,8.5,8.4
0.328634906862685,0.397800220809085,0.675301050151025,26.9,3.3,10.2,10.3,4.8,19.7,24.8
0.278680579574361,0.238528663918181,0.916789521151104,5.5,7.6,36.8,4.3,8.1,8,29.7
0.513098256884724,0.657133546317143,0.689507116816788,24.7,25.1,14.6,17.5,7.6,5.3,5.2
0.437736234046847,0.509343496042621,0.741613934371782,6.2,26.9,0.9,12.7,4.7,20,28.7
0.460706454287123,0.690497987704797,0.580315165897969,13.8,3.9,18.3,18.8,9.1,3.4,32.8
0.309902840420774,0.34918348867356,0.715677712511772,16.1,2.6,16.3,8.8,23.4,9.7,23.1
0.323923370265951,0.22562303670161,1.16975364805055,31.6,24.3,24.9,3.6,2.8,10.7,2
0.404249927681896,0.342619771309501,1.00475791681888,17.3,31.4,20.5,7.2,1.2,3.8,18.6
0.411449279354545,0.583028472327823,0.602799513291923,13.4,9.6,5.9,15.6,14.2,21.6,19.6
0.415242312313019,0.619724169800144,0.573226492727533,13.9,3.6,20.5,16.8,18.5,14,12.7
0.483913742567365,0.735187458114617,0.576606330655434,9,13.2,18.3,19.9,15.7,18.6,5.2
0.506849263894218,0.70655332881743,0.632435296345029,9.8,28,1.3,18.7,9.9,28.5,3.9
0.453352816481611,0.638214871009064,0.616332890926988,21.6,10.9,17.6,17.3,8.6,12.2,11.9
0.568305902339913,0.903888318284534,0.562354764474237,23.2,13.6,4.1,24.8,5.5,7.4,21.4
0.292738898344017,0.249601046209655,0.932443601011691,0.2,26.5,6.3,2.7,14.2,26,24.1
0.394545569509677,0.386757947255346,0.864999858138153,10.5,28.2,5.7,9.1,30.7,8.8,7
0.358314423408271,0.368575785335223,0.809370651240561,19.8,17.6,17.1,9,7.8,19.7,9.1
0.380297884134267,0.438712698707975,0.730085737380194,1.4,11.8,26.1,11.2,24.7,2.2,22.6
0.508126624220592,0.911014493420248,0.491898457661389,13,0.6,9.7,25.1,6.2,23.6,21.8
0.487057985242708,0.629890292848298,0.677987881527109,24.2,21.5,9.5,16.8,11,7.5,9.6
0.53052473199665,0.893584032995022,0.526559019211203,16.9,5.5,27.7,24.6,12.1,11.7,1.5
0.485429287560246,0.862356187154058,0.493333606110306,2.9,2.1,10.4,23.6,14.9,26.4,19.6
0.581270577180827,0.999673705981619,0.521440720168758,1.4,15.2,7.1,27.4,21.6,21.3,5.9
0.510831708315096,0.710892980448977,0.634176621114427,18.2,17.8,12.5,19.2,11.5,3.5,17.3
0.341353213973614,0.281483604275223,0.999536774790329,15.3,26.6,5.4,5.5,21.1,13.8,12.3
0.425110001373331,0.528331917195332,0.69106179182119,16.5,18.9,13.2,13.8,7.5,20,10.2
0.206477488305209,0.163116258336976,0.897994410849019,18.1,11.5,14.5,0,16.8,26.2,12.9
0.453037143798646,0.623098771850237,0.630778235417728,17,14.7,13.6,16.7,12.4,15.2,10.3
0.693387140635168,1.141506156146,0.554869666908879,4.7,30.4,8.3,31.1,6.4,18.3,0.9
0.63788272435356,1.15909731040765,0.498562734262857,11.1,9.5,19.4,32,5.7,17.1,5.3
0.451514666551776,0.620866500220251,0.630593962490949,14.4,15.2,21.2,16.6,6.5,19.1,7.1
0.235257570256074,0.218269585712202,0.802940866379612,23,2.8,20.9,4.6,16.5,28.4,3.7
0.289850975081776,0.231363535247812,0.993462408998827,3,20.8,23.8,3.1,14.3,17.8,17.3
0.556168717382651,0.793232779289905,0.625502034632025,6.5,24.1,9.8,21.3,5.6,8.6,24.2
0.441034436340599,0.618504710344893,0.61605745270416,9.4,21.7,6.9,16.2,1,41.8,3
0.332086992954344,0.261128896024738,1.04196432143828,1.2,36.7,13.7,1.5,13.9,9.3,23.6
0.418626968465304,0.483489956437259,0.741746469994857,8,24.3,22.5,12.1,2,24.2,6.9
0.552952582471627,0.839735279966897,0.587033311844489,20.9,15,15.7,23,10.4,2.6,12.4
0.499322986911221,0.697024544091814,0.630283381891,3.5,26.3,8.1,18.4,7.8,28.1,7.7
0.466432504326817,0.725892528038343,0.559907270880943,24.3,4.5,19.9,19.9,14.2,9.9,7.2
0.361504191155765,0.483527599382441,0.623551151042556,17.6,5.2,18.6,12.9,23.2,17.8,4.7
0.414802754089592,0.614309650126797,0.577563373807262,23.5,0.9,16.3,16.7,8.5,10.6,23.5
0.75430522312301,1.31860228748045,0.526546351174373,0.2,26.1,2,36.2,8.1,10.7,16.7
0.326202516762102,0.244698666979473,1.08787890039643,4.4,30.6,36.9,1.5,3.1,4.3,19.2
0.232808821779505,0.182955914357882,0.944538045605192,24.6,6.1,20.5,2.8,6.2,24.9,14.9
0.391820264134401,0.524805123658306,0.632273293792087,0.1,12,10.4,13.8,38.2,13.7,11.8
0.435087274271935,0.59336415920482,0.63213672152797,20.9,9,16.7,16,12.8,6.7,17.9
0.616590225941787,0.957349920982741,0.581386401923378,3.8,20.4,26.4,26.1,4.5,1.9,17
0.368662553504829,0.422456808731436,0.730636948263868,11.9,15.5,7.7,10.7,17.3,18.7,18.2
0.492440420463055,0.649115119934573,0.666199888405993,5.9,22.5,15.3,17.2,21.1,5.7,12.3
0.595625320311888,0.873742029241133,0.613024556890198,6.7,28.2,5.4,23.5,5.4,11.2,19.7
0.53519924025526,0.98252438926017,0.483651342856822,0.1,3.6,19.6,27,6.7,29.9,13.2
0.540353570868987,0.919985963418452,0.522131412836024,23.4,5.1,15.2,25.4,7.7,12.5,10.7
0.586822737305586,1.00545998862872,0.523961911228395,2.3,16.4,11.7,27.5,3.1,29.4,9.6
0.340709795599492,0.347242742684782,0.808396435960399,2.2,20.7,9.3,7.4,3.2,27,30.2
0.351344612302903,0.336587053032551,0.865584726679097,13.8,19.2,17.1,7.9,18.5,13.3,10.1
0.554822756748353,0.91876623826935,0.538573073473439,1.4,14.8,11.6,25.1,22.2,17.3,7.6
0.400178253099759,0.488916662533742,0.695779627016254,5.2,19.7,6.6,12.5,17.2,23.2,15.6
0.675830728924076,1.37542927859752,0.447737109066066,7.9,4.9,4.9,38.1,5.9,37.2,1.2
0.513609252836089,0.82264802692204,0.551401374574835,13.4,10.1,19.8,22.5,10.4,16.1,7.7
0.572837580962601,0.999327634411295,0.51318262730192,3.4,5.1,17.2,27.5,14.5,6.2,26.1
0.506307458047823,0.759240523206312,0.58783408472857,14.9,12.2,7.2,20.7,17.9,4.5,22.7
0.458448829294513,0.645976058966867,0.616816712885252,14.4,14.7,13.3,17.4,16.6,15.5,8.2
0.319840215528766,0.25305459142249,1.0268148626276,6.4,37.1,7.1,2.1,25.7,20.7,0.8
0.268347479604744,0.203229248658617,1.02518451935393,15,23.1,3.8,1.4,16.5,22,18.1
0.498129911755575,0.8113444167665,0.540004839746948,6.4,5.5,18.4,22.2,14.1,11.1,22.3
0.348496591508933,0.323499455937994,0.891799309746693,8.8,32.6,2.8,6.2,14,34.2,1.4
0.619112681720728,0.914003062518265,0.611718608666647,2.1,27.3,11.8,24.7,5.1,2.4,26.6
0.474995777515483,0.550349965676356,0.754057969287726,18.7,30.9,1.9,14.2,24.9,7.4,2
0.472072873315518,0.654353540755748,0.629740419589681,10.4,21.5,12.1,17.4,14.5,23.8,0.3
0.418108091574824,0.640474287548272,0.559129536559004,21.2,3,8.6,17.4,6.9,21,21.9
0.33094855328929,0.276531640855405,0.979810311945338,18.1,22.2,14.2,5.7,14.1,16,9.6
0.274941172352153,0.203893014011202,1.05418605632238,17.9,13.8,22.5,3.4,16.9,13.4,12.1
0.519631153083673,0.72400495950409,0.634845310173703,20.8,24.8,7.8,19.4,7,19.1,1
0.41416546316331,0.56978129846409,0.621581410478027,18.8,7.6,22.1,15.4,26.8,6.9,2.4
0.515602635769113,0.782706492707211,0.582086184302986,9.4,17.2,1.3,21.2,8.1,19.6,23.2
0.37909935574442,0.422582795013576,0.755116771221528,19.3,17.7,10.7,10.7,10.7,19.5,11.4
0.363998804166603,0.319306466130783,0.952059655572683,8.3,24.9,22.4,7,26.5,4.5,6.5
0.240021355931841,0.190907303026807,0.942977838341589,10.7,11.4,26.2,2,9.3,24,16.5
0.754408480494923,1.35592660327675,0.512128369497881,4.6,23.9,5.9,37.3,3.8,18.4,6.1
0.333533001264143,0.380987177296323,0.717958549695217,1.2,15.8,18.6,9.2,26.3,28.4,0.5
0.498749892297473,0.71729212082093,0.611675326637256,4,16,19.7,19.4,21.4,5.6,13.9
0.207700376806369,0.151240239772798,0.976594436958402,22.1,3.6,23.6,1.7,26.3,17.8,5
0.359662244038209,0.332095755936584,0.902336867248105,7.3,23.8,37,7.2,7.3,17,0.4
0.439297444156403,0.564146673695995,0.672338350719049,2,16,22,14.8,17.6,7.6,20
0.51579179594171,0.82225555110796,0.554318904053061,5.6,13,16.2,22.4,23.8,15,3.8
0.514642040180321,0.752262081555217,0.604366551668269,24,15.1,15.9,20.5,8.9,8.1,7.5
0.533305646657036,0.894195680350246,0.529308804613827,13.4,5.7,27.7,24.6,18.9,7.3,2.3
0.520545322804646,0.90141715525709,0.510912533801618,15.2,0.9,28.6,24.8,10.1,11.3,9
0.383987039482975,0.577293775467077,0.56121692845353,23.1,1.5,10.5,15.6,16.1,21.7,11.5
0.255723119483335,0.22492604537657,0.870166543655076,20.9,8.7,13.3,4,0.2,28.5,24.4
0.554761252514407,0.881341999738443,0.561372602986398,0.6,12.6,20.3,24,10,6.3,26.1
0.495150079099737,0.707932997964735,0.614676926136749,8.8,18.9,6.8,19,11.4,16.4,18.7
0.501481440221214,0.729914080033136,0.60484028503899,11.4,17.1,14.6,19.8,28.2,7.5,1.4
0.379265139851849,0.454016531395492,0.703201574776445,26.9,15.7,9.5,11.7,2.8,28.1,5.3
0.485798530401162,0.77604804215663,0.548675477896796,19,7.8,17.3,21.2,12.3,18.1,4.2
0.660202214356957,1.18845571004763,0.505026993671395,24.1,12.6,2.4,32.9,8.9,14.2,4.8
0.28685552683567,0.267133512625743,0.849221517007851,29.9,6.2,3.5,6.4,32.9,6.8,14.3
0.454353124909674,0.722783105630145,0.545603683647066,16.5,6.8,17.5,19.7,15.2,23.1,1.2
0.530651525719308,0.894266868944823,0.526298739295403,9.6,13,3.6,24.5,23.1,24.4,1.8
0.551815198651975,0.815152874534328,0.603341059102483,1.6,22.5,17.7,21.9,4.2,15.3,16.9
0.430407630939983,0.610895667826418,0.606335337518274,10,13.2,13.2,16.4,18.9,22.2,6.2
0.353914059224046,0.387521136537303,0.758446524621382,10.1,14.4,3.1,9.5,18.8,14.4,29.7
0.721221493987881,1.22443860507105,0.540020129428633,11.8,23.4,9.1,33.7,7.9,3.9,10.2
0.401126640840962,0.479034653795261,0.712112658527538,23.2,15.8,21.8,12.5,5.4,18.5,2.8
0.366764781737114,0.374745102824932,0.818595838677106,28.5,12.9,7.7,9.5,17.9,1,22.4
0.454281746528234,0.619782188848044,0.636161789774992,5.1,19.3,15.6,16.4,12.2,22.7,8.6
0.242580655206562,0.180713427925774,1.01033253202166,22.3,18.2,2.1,0.8,14.4,23.9,18.3
0.303463786781373,0.236879229602137,1.0277971065268,18.2,20.8,8.4,4,10.9,17.6,20.1
0.604688397011288,0.93351061634219,0.583483880607123,5.9,26.7,15.3,25.3,4.8,18.9,3.2
0.317932978202414,0.266305717429954,0.968559671537122,0.1,26.2,8.1,3.6,12.8,15.4,33.8
0.435144520216265,0.58879195647392,0.637142739623825,14.4,13.6,12.6,15.7,7.6,17.5,18.7
0.235905168850754,0.153403201430174,1.14668512267537,31.6,7.3,14.7,2,29.3,6.7,8.4
0.338198108478861,0.279235756572935,0.996283971269263,2.6,21.2,26.8,5.2,15.4,2.5,26.4
0.555220090115299,0.854128345679194,0.579795873325695,7.6,18.5,8.2,23.2,8.3,13.1,21.1
0.448586483672096,0.770426724191862,0.504378251000708,7.1,0.6,14.4,21.1,32.8,17.6,6.3
0.454436544470821,0.664337025490254,0.593729582029155,14.8,11,8.8,18,13.2,16.4,17.9
0.423945258966799,0.57409867740285,0.633941991668125,11.7,11,14.4,15.3,17.7,11.6,18.3
0.538259989792362,0.791916931181329,0.603926966277796,11.1,14.3,28,21.5,0.5,2.1,22.5
0.490042786974955,0.831335638355114,0.517291412919384,24.5,1.4,5,22.9,18.1,11.8,16.3
0.386642472905355,0.412589503635387,0.791688760928865,2.8,20.7,3.9,9.4,0.1,12.9,50.2
0.510146750418196,0.880137092482048,0.511450720874347,24.6,0.5,23.3,24.3,6.8,13.7,6.9
0.515020086500629,0.724008653533806,0.628473270698805,15.6,16.3,19.8,19.6,6.6,2.6,19.5
0.529948479621223,0.756825967154425,0.620946558411801,16.8,22.8,7.8,20.4,10.5,14.4,7.2
0.516215010263969,0.710125233871686,0.64244303469774,4.6,20.9,28.9,19,19,2.9,4.7
0.44792324130141,0.626687795983185,0.619005577877599,1.1,17.9,3.6,16.6,21.2,21.6,17.9
0.413154594207197,0.59437744435264,0.594158808620054,21,4.6,19.4,16.1,27.8,7.1,4
0.348927828840159,0.405508568191618,0.712507334009352,7.1,11.9,25.6,10.3,25.9,17.3,1.9
0.686247241301136,1.19467901919731,0.524197069872294,10.1,17.8,13.1,33,22.1,2.6,1.4
0.221481763457602,0.164677345999223,0.980594886793744,11.7,10.9,14,0.2,40.1,3.4,19.7
0.4555682105008,0.696991534172147,0.567536607127714,1.1,10,18.2,18.7,7.8,23.7,20.4
0.398510778439835,0.501087815915027,0.675551804870143,20.6,12.2,25.6,13.2,0.8,20.4,7.2
0.604211005944668,1.03625033067481,0.525173300152555,2,11.8,18,28.5,24.4,4.7,10.6
0.488700103250075,0.65421103890744,0.655293288792592,21.5,20.7,13,17.5,7.3,13.1,6.8
0.281333658533895,0.256079017816523,0.864317820417751,8.1,16.6,16.6,5,21.3,29.9,2.4
0.715643664968405,1.38432208323581,0.473620751202536,0.3,8,16.5,38.3,15.5,12.9,8.4
0.431192836285736,0.567661225753624,0.653898521592597,22,11.1,16.4,15.3,16.1,5.9,13.4
0.460518928692088,0.748886122526038,0.534819536168081,12.6,3,7,20.5,18.4,14.2,24.3
0.624007818568646,1.07584219944404,0.524247718540976,1.6,12.4,28.2,29.6,25.6,2,0.6
0.412083066591234,0.5098540585315,0.690556563588641,16.2,13.7,8.7,13.5,21.3,6.5,20.1
0.493565347081226,0.769614052971589,0.563354249324279,19.8,12.8,1.2,20.9,1.9,25.7,17.6
0.381608871940548,0.475588831130597,0.67623302081338,12.4,11.9,5.7,12.4,24.4,13.7,19.6
0.556327754844483,1.01913727919458,0.487007751533461,13.3,3.4,13.1,28.1,11.7,22.3,8.1
0.432429520385239,0.523140756107167,0.711910735375673,23.2,16.7,15.8,13.8,11.4,7,11.9
0.31162901795085,0.344243023192334,0.730963304985446,14.1,8.2,12.9,8.6,26.8,18.5,11
0.42461857497667,0.644409995702896,0.565817689682108,10.9,10.8,17.3,17.3,8.3,35,0.4
0.464174783676293,0.702254423789549,0.57553896420511,10.9,11.5,4.2,19,11.8,20.9,21.6
0.460706226666067,0.748615980013639,0.535262721293722,16.2,7.5,1,20.5,23.8,22.9,8.1
0.634331645023097,1.0047140940316,0.571636894948378,4,24.4,11.3,27.4,7.8,9.7,15.4
0.367242043160416,0.365904242031214,0.839678822674611,18.1,16.7,13.4,9,17.2,5.7,19.9
0.399799554254076,0.510154892241264,0.666071343080204,19.1,13.9,11.7,13.4,10.8,21.5,9.5
0.439722445943244,0.543937317238545,0.698099641096542,7.5,20.8,16.5,14,2.3,18.4,20.5
0.255254646728971,0.162303103963892,1.2030247232512,29.7,14.9,4.6,1.4,33.2,2.8,13.3
0.404492623995278,0.528685400393503,0.651602302123097,25.5,11.1,12.3,14.1,3.8,20,13.3
0.358545129409399,0.340228674304619,0.877483739486639,5.3,20.7,37.2,7.5,0.7,15.6,13.2
0.472154028961105,0.693097986488023,0.594654777529392,18.4,9.5,11.3,18.9,17.6,5.9,18.6
0.574605577381197,1.02944275257449,0.499887513020264,34.3,1.6,9,28.5,19.6,3.4,3.6
0.606457406395285,1.08849724419143,0.50202920522891,14.7,4.5,4.9,30.1,17.6,3,25.1
0.322827328362056,0.304234935021411,0.863895950488259,21.5,11.7,19.8,7.3,16.3,10.9,12.5
0.511767207621166,0.865543737700908,0.521946133907881,9.2,3.4,18.2,23.7,5.5,14.9,25
0.48403824517475,0.661553114013064,0.640973848044461,0,22.6,17.9,17.4,5.1,21.8,15.2
0.384675041422431,0.335359292743274,0.968140881877925,10,31.5,4.9,6.6,5.1,10.7,31.3
0.540817734435908,0.74023588870379,0.64954664016339,18.7,27.9,6.1,19.8,4.2,15.4,7.9
0.398240984560414,0.419551174356046,0.806197206048983,21.2,23.5,8,10.5,13.5,15.5,8
0.33270280270951,0.344550603018491,0.791473880238355,14.8,12.5,14.6,8.4,17.8,15.9,15.9
0.499127323937573,0.704080029581386,0.623689503306405,5.1,20.9,6.1,18.9,20.3,13,15.7
0.624278007078792,1.02269847381572,0.551754032616725,12.1,18.3,20.7,28,2.1,11.3,7.6
0.599808472006566,0.843400682483539,0.640037983390062,22.4,32,7.6,22.7,0,11.4,3.9
0.641772320424316,1.16148265750585,0.500887651369335,24.5,4.6,28.2,32.2,0.4,5.4,4.8
0.461546733077093,0.746394602411892,0.537981828619257,20.8,2.5,10.5,20.5,20.7,11.2,13.8
0.32397423352172,0.263173028798097,1.00304440286788,14.7,24.5,11,4.4,3,19.3,23.1
0.327692030835038,0.4296935302129,0.62298361974965,14.3,2.5,2.2,11.1,17.8,20.8,31.2
0.620045146338995,1.19327233876636,0.469335564183099,24.6,0.1,16.9,33.1,8.2,16.4,0.7
0.472583242591369,0.726860483385177,0.567623707743557,14.6,9.5,22.4,19.8,8.3,19.5,6
0.410949325111054,0.493544859719343,0.711078878038814,9.3,20.8,23.4,12.6,9.1,23.4,1.4
0.291459234266305,0.230265434717248,1.00518444963536,15.9,16.6,25.8,3.9,3.5,19,15.3
0.514109282648623,0.962235460241796,0.47193156084116,23,0.9,5,26.5,8.6,33.7,2.2
0.262090765973668,0.180527155273199,1.11944801693593,23.4,17.5,10.2,2,19.2,16.6,11.3
0.303231189949179,0.268687839460595,0.905255669320498,17.6,13,14.4,5.9,17.4,14.8,16.8
0.521228567515354,0.799297745419758,0.577042247595902,4.5,17.3,9.2,21.7,21.2,15.2,10.8
0.328839738253019,0.284078669481597,0.946356650936214,23,20,12.7,6.1,5.4,19.6,13.3
0.199246759770629,0.152488654888727,0.913161440582177,27.5,4.5,16.7,0.4,7.1,22.3,21.5
0.336329079901509,0.452594886505506,0.610543972414384,14.2,2.8,1.3,11.7,12.1,23.5,34.3
0.643981756184108,1.05861310850886,0.551647954753452,34.4,16.9,7.4,29.2,9.8,0,2.3
0.554278400303133,0.964658784467922,0.512386771635281,16.3,0.3,23.2,26.6,8.4,2.1,23.2
0.332536324552139,0.311656256005987,0.874477310498472,12.4,17.6,18.6,7,12.2,17.6,14.4
0.508821229749372,0.820618056931411,0.546930726125717,21.2,9.6,14.5,22.5,16.4,15.7,0.1
0.345242075485484,0.292155113339289,0.97633778243759,17,20.9,8.6,6.3,22.1,3.9,21.2
0.482948180067786,0.801764878982481,0.527521460661321,11,4.7,2.7,22,19.3,15.6,24.7
0.52054135080099,0.772480060348233,0.596185422046206,5.3,15.1,14.7,20.9,14.1,5.5,24.4
0.361122451403541,0.303248496778392,0.992989098388164,30.2,21.8,16.4,6.8,5.6,6.8,12.3
0.339669653791837,0.396531724506775,0.705289480027615,15.2,9.4,19.2,10.2,17.8,20.3,7.9
0.372514709712611,0.455310340531033,0.686377360435352,5.2,11.4,23.2,11.7,17.5,16.2,14.6
0.477466142915394,0.632621259017227,0.659899010608536,1.1,24.1,5.3,16.6,18.4,15.9,18.5
0.362369715908974,0.285281872994825,1.05989810265463,21.7,31.6,7.1,5.1,5.2,13.2,16.2
0.475715576175436,0.588127303720999,0.706846244929051,15.2,22,16,15.5,10.7,4.3,16.3
0.266008699513494,0.194462278558322,1.05937614760442,12.9,20.1,17.9,1.3,13.9,16.4,17.5
0.437136823354151,0.553145735120049,0.681803726231932,6.5,17.5,19.5,14.5,18.5,9.8,13.6
0.322800306976615,0.311288492592648,0.844233928430228,14,16.6,12,7.1,15.6,21.7,12.9
0.324818462854414,0.379425931624912,0.697945081719415,14.9,5.2,21.9,9.8,27.6,12.6,8.1
0.495810661215065,0.875555795646137,0.49775315677449,12,2.9,9.8,24.1,22,22,7.2
0.433219795567529,0.580706506610916,0.642699524318561,10.4,14.5,16.6,15.5,15.5,15.5,12.1
0.360474434924688,0.471515134540391,0.637253001894786,18,4.2,19.4,12.5,15.9,15.5,14.4
0.378113580025789,0.571576066706379,0.556555108856937,6.3,2.4,26.5,15.4,23.3,23.1,2.9
0.461912485283772,0.694588728491581,0.578633756635519,15.8,12.1,11.8,18.9,20.5,19.2,1.7
0.341359388845112,0.323486118683221,0.869772681407197,19.4,16.4,14.7,7.5,6.1,15.2,20.6
0.371989918114129,0.400293170470404,0.779403550021835,1.3,18.8,13.7,9.8,28.7,10.2,17.4
0.363126679822977,0.523266653302148,0.579296765635748,13.4,0.1,22.8,14.1,23.4,15.3,10.8
0.500736984651778,0.647498087310972,0.680676890463318,3.7,24.5,7.4,17.1,22.9,1.7,22.7
0.262247748119432,0.194571500931307,1.03945206338741,20,17.6,6.5,2.6,21.8,22.1,9.3
0.315043919955005,0.33268048859308,0.766633237295028,19.6,6.4,17.3,8.3,19.9,11.8,16.6
0.274877666778259,0.340793293224711,0.630521993977662,1.8,6.6,6.5,7.9,17.2,40.7,19.2
0.528011191887802,0.794095212438358,0.589364076948306,5,23.7,3.1,21.4,18.3,24.4,4.1
0.416241758459268,0.533728292638297,0.667459011210203,0.3,17,13.4,13.9,29.1,13.4,12.9
0.445636442861634,0.664086000332194,0.580702563626891,21.2,11.1,6.1,18,22.1,20,1.4
0.417763330502081,0.53584720965106,0.667659220872036,6.5,15.8,19.9,14.1,19.5,15.4,8.8
0.452179873293006,0.656859559659893,0.5970528517482,20.8,7.3,18,17.9,11,8.7,16.2
0.407249601186555,0.514418726234431,0.675032971152582,13.3,15.7,15,13.5,13.7,19.6,9.2
0.354224124068772,0.445274871895379,0.660769656316699,4.9,2.2,25.3,11.5,21.1,2.9,32.1
0.353031715756689,0.335472854266395,0.87348860579937,16.1,13.5,23.8,8.1,13.5,0.8,24.3
0.280570041156448,0.301843963230542,0.73074193300325,31.9,5.3,2.1,7.3,5.6,30.8,17.1
0.223765736498888,0.176274222981251,0.929039616395337,9.6,8.9,25.1,2,25.1,22.4,6.9
0.437392429137227,0.583393884640665,0.646891301182696,23.6,15.2,18.5,15.6,3.4,20.9,2.7
0.447438131856903,0.454427482273635,0.852585169185711,11.6,30.6,16.1,11.1,14.3,1.8,14.6
0.311754742879407,0.232881961414271,1.08104011727883,24.9,20.8,6.7,4.1,12.9,11.5,19.1
0.564699970634183,0.850575446062193,0.593362967354315,2.7,23.3,11.8,23,7.6,16,15.7
0.662381749546623,1.09493708372929,0.550151929730016,5,21.4,19,30.1,21.5,1.3,1.7
0.623520954422152,1.2296379757258,0.458282002952561,9.3,0.9,4.1,34.1,20,20,11.6
0.433781297404821,0.513774951549915,0.727519502998789,22.3,22,13.3,13.4,7,16.7,5.4
0.444581215046116,0.493963258050063,0.778562390579948,6,28,7,12.3,18.4,8.1,20
0.309657634275072,0.261759031976955,0.953768939277906,0.7,30,15.4,2.2,0.3,23.5,27.9
0.310607558698951,0.269724835379949,0.929123038840422,19.2,17.2,9.7,5.8,18.1,18,11.9
0.427283173057522,0.578593719141308,0.634785966226194,13.1,12.3,2.2,15.4,21.3,11.1,24.5
0.367795833696949,0.404801099302021,0.760363136927411,18.3,18.3,10.2,10.2,19.3,20.7,3
0.477936141706436,0.544458307698941,0.767618265341145,24.8,25.4,27.7,14.1,1.5,2,4.5
0.593498318288134,1.12848411497995,0.47275660437419,2,0.7,15.9,31.2,9.6,18.5,22.1
0.205114749015941,0.156559430865826,0.926898802668148,23.8,10.9,1.2,0.8,32.7,26,4.5
0.592856582055007,0.922721751070622,0.577483495362215,2.8,20.1,22.9,25.2,21.4,2.4,5.3
0.45042674690827,0.596482752696238,0.654548258341842,6.7,16.6,19.1,15.7,4.5,15.6,21.8
0.455710429396182,0.65224184986429,0.606692792678845,10.3,8.9,21.1,17.7,20,3.9,18.2
0.251418977610798,0.176128007884768,1.08681736601503,27.1,16.8,13.3,1,4.5,20.2,17
0.592417107550202,1.06803953014339,0.498499439883768,21.9,1.9,1.4,29.6,10.9,4.4,29.9
0.509630637153863,0.873935839932708,0.514489298423193,13.5,5.7,3.5,23.9,2.5,25.4,25.4
0.264414150265214,0.256817034027693,0.795952461016165,13.1,4,22.6,5.7,15.5,20.3,18.7
0.347547612966834,0.346599782414112,0.829624332029374,14.9,14.3,22.4,8.5,26.2,6.2,7.5
0.413978432585151,0.454731756960427,0.778433498797745,21.5,21.9,23.1,11.5,0,16.7,5.3
0.418015446509972,0.52176691433153,0.686159732777709,15.3,23.6,5.4,13.4,4.4,34.2,3.8
0.367704705226475,0.515861457255465,0.596487101136717,15,4.7,13.8,13.8,25.3,19.9,7.5
0.263151988520369,0.217002254060902,0.936174554497273,6.1,11,27.9,3.2,10,16.9,24.9
0.411244283091954,0.547402589099441,0.641656232700331,2.8,15,6.3,14.3,18.1,20.9,22.5
0.384541977178217,0.41136186234399,0.788945225327738,6.6,25.7,13.2,9.7,4.2,28.4,12.2
0.245547136844334,0.227859111219834,0.814306418782269,9.8,6.5,21.7,4.6,26.4,25.2,5.8
0.359966947418395,0.295889808962789,1.01377924596287,11.8,31.5,17.2,5.3,7.7,16.6,9.9
0.428123318221123,0.645074593887874,0.570667829285352,14.3,6.2,20.9,17.5,16.5,18.6,6
0.189789592420204,0.14348612716604,0.90454453669945,24.8,0.6,21.4,1.3,22.8,21.1,8
0.223786512216762,0.145944932773933,1.12224870780862,26.2,9.1,17.6,0.3,23.2,6.3,17.3
0.618473013060523,0.917616705511906,0.608612517302603,20.4,31,1.3,24.8,3.9,14.5,4.1
0.4297785448522,0.601773328945305,0.61448144519846,21.8,6.6,12.9,16.2,5.7,9.8,27
0.670968762065847,1.06621125949958,0.573027865371262,1.4,29.4,22.7,29,4.9,12.4,0.2
0.474488395272244,0.60922442941071,0.680354193401551,7.7,22.9,1.7,16,14.6,10.3,26.7
0.418674652211206,0.479297857682524,0.74833351842099,22.5,23.2,0.2,12.2,5.6,20.1,16.3
0.397601593486201,0.410241993124313,0.822932803429268,4.1,25.9,18.4,9.9,25.4,11,5.4
0.429064768671932,0.538294353406692,0.685618874387665,6.8,20.9,2.1,14,26.3,15,14.9
0.480724333132964,0.716117380500637,0.587507501687553,18.2,8.1,25.9,19.5,4.3,8.6,15.5
0.31335324240354,0.245788337420589,1.03077812829665,4.4,23.5,14.4,3.6,18.9,9,26.2
0.254384961005928,0.240690193137559,0.807614795069081,27.6,5.4,4,5.5,28.1,22.9,6.5
0.335192252680186,0.315054645083636,0.873474671694279,26.4,10.2,19.4,7.7,12.3,2.9,21.2
0.26468944359637,0.197563080316556,1.03607133108268,14.6,19.4,12.1,2.3,22.2,21.8,7.6
0.383973258680601,0.504342072013999,0.642368100259557,13,10.6,11.7,13.2,10.5,23.5,17.6
0.459894132732165,0.671201326949681,0.595788650403166,18.9,13.9,10.1,18.2,16.3,20.3,2.3
0.307097275029338,0.33517299774736,0.737223095804364,20.1,1.5,27.6,8.5,14.5,9.5,18.3
0.386416842693089,0.521209332112149,0.62626822388294,16.3,9.1,10.3,13.9,25.5,17.5,7.6
0.334392614021296,0.337918619435334,0.812007975410793,15.6,14.8,26.5,8,1.2,23.7,10.1
0.575631242871459,0.789290870721816,0.653284184574323,17.3,29.5,6.7,21.2,17,1,7.3
0.43584544584031,0.565520105519401,0.664601385825381,25,13.8,3.6,15.2,31.1,1,10.3
0.270896569253917,0.202838611082063,1.03972595813424,14.7,25.2,20.8,0.7,9.5,22,7.1
0.592865578155522,0.904936553175149,0.588843025829664,7.1,19.5,28.8,24.6,6.3,2.6,11
0.400894472778958,0.550790923501385,0.618918101648966,14,5.7,20.5,14.8,24.8,7.3,12.9
0.348261161721792,0.392910993023484,0.733655119963933,17.1,12.8,8.7,10,18.5,19.7,13.2
0.565831717180415,0.863524440803534,0.58577579658281,10.3,18.3,17.5,23.5,7.5,8,14.8
0.519421615729433,0.825849222289633,0.556302050458685,14.1,12.6,8,22.5,8.8,18.8,15
0.328092944822209,0.296229980089295,0.905016246976068,1.1,24.5,6.9,5.1,6.1,21.3,35
0.484104531718168,0.714704768142677,0.593398212272042,0.9,11.9,25.2,19.3,10.6,10.7,21.5
0.413139962088377,0.467686378600251,0.755078570270311,36.2,15.2,2.8,12.2,2.9,4.8,25.9
0.38460120833282,0.536153034012537,0.605426413245345,3,13.2,17.3,14,14.3,35.9,2.3
0.301030846000966,0.264089307663176,0.912686879047678,15.9,9.4,15.5,5.9,25.8,2.8,24.8
0.368053515952992,0.483850997610904,0.63667020937036,14.5,7.6,4.9,12.7,17.7,19.1,23.4
0.624376607899577,1.25926854672472,0.448178118454149,0.2,3.2,8.4,34.8,9.8,37.7,6
0.426877439835296,0.588663174623108,0.623238306133537,17.3,12.4,3.4,15.8,19.1,16.3,15.7
0.307153599071797,0.226524324225407,1.09106869611875,16.9,21.5,8.1,3.8,30.2,5.5,14
0.286248402896261,0.222812165111993,1.01542212824215,11.6,19.6,2.1,3,20.3,13.4,29.9
0.55920568424629,0.935020397563109,0.53389817542734,17.6,5.7,24.1,25.8,7.6,3.8,15.5
0.476167090095903,0.725088958219804,0.573953147924984,11.5,9.9,10.1,19.6,2.9,18.2,27.8
0.786967458214061,1.56604169627315,0.464206962013906,9.4,5.2,2.9,43.5,19.8,0.3,18.8
0.484429754855007,0.854018235208159,0.496979733402948,9.9,1.7,0.3,23.4,18.3,22.2,24.2
0.449205430166919,0.682103738000106,0.57059565647309,8.3,4.6,19.1,18.5,18.6,7.5,23.5
0.461559622657678,0.591360457142541,0.67904375040228,21.4,17.1,18.4,15.8,6.6,7.5,13.1
0.30778319447471,0.286977421267141,0.8634240052079,1.1,14.5,22.2,6.1,25.7,13.7,16.7
0.509570176300743,0.883093198203356,0.509085764917439,19.2,5.4,9.5,24.3,9.4,25.5,6.6
0.532846313789977,0.918259997324594,0.514937289185681,6.8,10.1,11.7,25.2,12.7,27,6.6
0.49878458945779,0.822086738216394,0.533744882455811,23.1,5.5,7.6,22.6,21.8,11.3,8.1
0.393936406132821,0.533102028557408,0.626402430012251,21.9,4.7,23.2,14.3,13.8,10.5,11.5
0.524605814733406,0.747575287482897,0.621483645209494,30.5,15.6,20.6,20.3,1.5,3.6,7.8
0.417739739571461,0.517590680294437,0.69116340999022,11.7,18,6.3,13.5,16.8,15.6,18.2
0.271716325221532,0.196258354326666,1.07876337773187,16.9,19.2,16.9,1.7,8.5,16.1,20.6
0.200904831330593,0.139583826185672,1.00946388404029,26.1,1.8,18.8,0.2,30.8,0.7,21.6
0.329564996401596,0.345800621256752,0.779538785737021,18.2,10.9,22.4,8.6,11.4,18.5,10
0.357403964600582,0.378337112611328,0.786081921881427,3,18.6,18.4,8.9,9.2,21.2,20.6
0.617660007724522,1.07367879789546,0.519391841226262,17.1,6.5,12.3,29.6,3.3,1.5,29.6
0.226171041428453,0.151979752579475,1.09337618076169,25.9,8.5,24.3,0.3,11.6,8.4,21.1
0.316339552035507,0.424083807576994,0.604454938989785,6.8,5,0.5,10.8,25.6,29.8,21.3
0.405238537218969,0.372114353289405,0.927775384548163,7.9,31.2,9,8.1,12.7,6.5,24.7
0.557165147124665,0.815092724548974,0.609949190013648,0.5,23.2,22.1,22,19.7,6.4,6.1
0.34361665308529,0.472340939983787,0.600449016964367,23.2,2.8,20.4,12.6,14.1,26.6,0.4
0.402487005055775,0.561724695205218,0.609706156733331,16.2,6.3,19.1,15,2.1,19.8,21.5
0.368914117656256,0.375054766491281,0.823650691194289,21.6,19.9,10.9,9.3,18.2,14.8,5.4
0.435153685616644,0.729982580591881,0.513921421676205,21.3,1.5,0.7,20,15,26.2,15.4
0.505213259341756,0.733122935992897,0.607283222886467,22.6,10.8,20.5,19.9,1.4,2.2,22.6
0.365936943473262,0.447116464457295,0.684244414583581,17,12.5,4.2,11.6,19.9,21.1,13.7
0.458197138984313,0.759480993812165,0.524301651033541,17.5,0.1,19.6,20.9,21.8,11.3,8.9
0.524896931303042,0.875130556320853,0.531231515052475,12.9,10.6,1.8,24,22.3,17.9,10.4
0.319221148645264,0.370122826583103,0.700365203190356,16.4,11.8,1.2,9.2,22.5,30.1,8.7
0.319436108042371,0.348350938534681,0.744755013819325,12.8,7.6,20.2,8.7,20.8,15,15
0.261809948920283,0.19413942828479,1.03951036996071,11.2,15.5,10.5,1.9,22.9,9.8,28.2
0.427237288270723,0.6599285020653,0.556480417380708,19.4,2.8,17.4,18,21,13.7,7.7
0.513114979265156,0.721458179873218,0.628054393041578,22,16,24.5,19.6,5.3,3.9,8.8
0.33793823972393,0.24885366531799,1.11687420544429,16.7,29.1,10.5,3.9,19.8,6.9,12.9
0.227759498888075,0.170470044622429,0.984099577492585,28.8,5.2,9.5,2.1,9.6,17.7,27.1
0.49768241933978,0.720518388305668,0.607454891427559,14.6,16.3,15.1,19.4,3.7,16.2,14.6
0.314578010626433,0.352408226646997,0.722395197889183,16.5,1.2,24.1,9,20.9,4.8,23.5
0.516779497860766,0.726070853447122,0.629111464386901,12.8,18.2,16.2,19.6,12.6,3.8,16.7
0.329936483470036,0.276720390760753,0.975484613648935,25.3,20.2,8.5,6.1,19.4,12.6,7.8
0.567807780617308,0.872000756164583,0.582347867278069,30,17.3,2.5,23.9,16,3.4,6.8
0.39518103828434,0.433772396308306,0.772711774969905,5.6,18.3,18,10.9,21.8,5.4,20.1
0.40541484404862,0.526206826355558,0.656424103124848,21.3,12.9,8.4,14,13.4,18.7,11.2
0.371428149251002,0.506884890255928,0.614396197712187,9.2,3.7,10.8,13.5,26.8,9.9,26.2
0.501089339877611,0.771571909164679,0.57167625549658,18.7,12.5,13.7,21.1,11.7,16.3,6.1
0.371878348382434,0.335700673059654,0.929037006509109,20.4,20.8,12.3,7.9,17.4,1,20.2
0.339741869383058,0.437207199074367,0.63983820480384,20.6,3.5,13.5,11.6,25.4,15.5,9.9
0.333838946616609,0.263417962660987,1.03956064290511,11.4,21.9,21.9,5.1,22.8,3,13.9
0.592409541502772,0.89860940480771,0.592481603969748,25.6,20.3,14.8,24.5,1,5.8,8
0.522038836389735,0.874502958111991,0.528344509419675,8.6,8.9,22.3,24,17.4,18.4,0.5
0.433248804196421,0.505583199929572,0.73825396937322,3,22.9,4.6,12.8,22.2,7,27.5
0.240715841969813,0.181830485216024,0.993869876963223,16.8,19.8,6.7,0.6,21.5,23.9,10.6
0.404386481236982,0.450142529693288,0.765060971847374,19.9,16.9,8.8,11.6,21.4,2.1,19.3
0.395973528674796,0.607526070250537,0.553019113297055,1.7,0.3,19.8,16.4,31.6,10.1,20.2
0.217522114132669,0.206850002999046,0.761528217784918,0,4.9,12.6,3.1,36.1,23.4,19.8
0.421563351745014,0.555816596169423,0.650508376750237,5.9,16.9,24.6,14.5,3.8,27,7.3
0.408522643571311,0.446087582755407,0.781287480405858,19.2,18.6,16,11.5,17.8,3.3,13.6
0.30018010922908,0.260890653799256,0.920615996515872,0.8,17.2,23.1,4.7,15,16.7,22.6
0.46569832019872,0.59229203487105,0.684963322674171,6.7,25,3.3,15.5,21.1,14.7,13.8
0.630879848350167,0.960237530106195,0.594519408429113,9.7,24.9,11.9,26.1,5.6,1.9,19.9
0.23059537959159,0.227563881101179,0.749659299033226,25.7,0.3,13.7,5.1,30.9,23.9,0.4
0.301429045464908,0.24164453427173,0.999108240509261,17.4,17.5,18.7,4.5,7.3,17.5,17.2
0.324718504842114,0.267337752768935,0.990202476456496,14.1,25.2,7.6,4.9,14.1,20,14.1
0.363590453904282,0.393341524755681,0.771824063306951,11.4,15.3,13.5,9.8,19.1,12.5,18.3
0.458973828300167,0.73911203716697,0.539801556783517,25.5,3.7,21.2,20.2,0.9,23,5.6
0.488175485683922,0.620027370052027,0.69057513646211,2.3,22.1,26.4,16.3,9.8,3.6,19.6
0.265138996069273,0.181392875096848,1.13090988805236,23.7,13.7,24.3,2.7,21.3,11.7,2.5
0.32100473308053,0.288406794946063,0.904988154420365,10.3,24.2,7.8,5.8,19.7,26.9,5.4
0.295574608715322,0.346756926512481,0.679365257630529,6.6,6.8,12.7,8.4,16.8,30.1,18.6
0.480627400578491,0.739692557024312,0.568651660185174,22.2,7,14.2,20.3,17.2,7.3,11.8
0.483737378558311,0.687507386210919,0.616338656219633,10.2,17.5,9.4,18.5,11.3,16.5,16.6
0.272767040779814,0.207446684507453,1.02564686095125,25.5,15.3,5.7,3.2,6.9,20.8,22.5
0.597662537664159,0.884554724314442,0.607834114594623,3.3,26.3,1.5,23.9,18.7,2.4,23.9
0.37082252233017,0.347844958104286,0.893566271663433,2.2,25.9,21.2,7.5,11.9,14.3,17.1
0.344574772722751,0.36622124973954,0.777056964676801,20.7,10.9,26.7,9.3,22,9.9,0.6
0.405803723756362,0.488710119836189,0.707584536764395,2.2,19.3,13.9,12.4,11.4,19.8,21.1
0.470458323473386,0.693665467272048,0.591723738371436,12.4,8.8,21.1,18.8,10.8,8.6,19.5
0.638934294356162,1.04456994703782,0.554232194787816,3.4,21.5,12.4,28.6,12.7,8.9,12.5
0.387090969266883,0.519710061775875,0.629372015906711,15.1,10.1,0.4,13.8,31,15.7,14.1
0.320595209654361,0.278936575286213,0.934245390325626,15.4,21.4,2.4,5.7,18.3,19.6,17.1
0.332333303509204,0.251018597423451,1.08491285627653,14.9,21.2,23.4,4.5,13,1.1,21.9
0.400756776228169,0.491318804759857,0.693555330931658,17.4,14.6,10.3,12.9,13.3,15.5,16
0.602487766878099,0.924534937589372,0.586768271075379,9.1,20.6,11.9,25.2,4.3,3.8,25.1
0.310169891526517,0.253066501250121,0.988553958310186,14.1,13,25.8,5.1,12.4,3.6,25.9
0.477154664630462,0.8128059789547,0.51322784948868,6.4,1.4,19.6,22.3,15.3,17.5,17.5
0.458808703504125,0.637920604621269,0.625169810498434,14.8,13,15.1,17.2,11.7,11,17.2
0.506199901599092,0.709700878106062,0.628715442469002,9.6,20.6,13.5,19.1,20.7,9,7.5
0.437164831865232,0.704136229174949,0.535641849173368,16.2,1.1,20,19.3,15,17,11.4
0.653063567978335,1.16739693017683,0.508022209625393,30.2,6.3,15.2,32.3,2.1,1.7,12.2
0.43687356396603,0.663799287748754,0.567752287358097,9,5.5,17,18,20.6,13.3,16.5
0.301029121687662,0.277074587056971,0.869906995974706,14.8,6.4,24.5,5.9,2.5,6,40
0.56067047178999,0.921985005767164,0.543035373306741,14.1,18.1,2.5,25.2,7.3,28.2,4.7
0.371547805028372,0.318177646893328,0.979163080971623,27.4,21.8,26.7,7.3,7,3.4,6.3
0.259553881085168,0.18248012452563,1.09356502032165,14.5,9.2,28.7,2.3,20,1.3,24
0.652912740463884,1.03219757401887,0.57441787830926,16.6,26.2,13.1,28.2,3.7,10.1,2.2
0.328897855159511,0.306184818965108,0.878220729781362,6.4,16.1,22.3,7,31.6,7.1,9.5
0.464445324768778,0.725165940214671,0.557727965890194,7.3,10.3,5.8,19.6,13.7,23.6,19.6
0.287974917301986,0.313710075614602,0.726705754844985,1.9,13.4,19,6.6,2.1,41.6,15.6
0.480508578168339,0.696515780071265,0.6037315882855,5.3,15.3,18.3,18.8,16.8,14,11.6
0.382363204548314,0.371482084006583,0.867775912828684,8.5,23.4,13.4,8.3,0.9,12,33.4
0.32091024397373,0.347051819215322,0.751790451822563,20,10.7,15.2,8.7,20.7,21.6,3.1
0.24744497426313,0.225069288653927,0.832832304150349,7,6,28.6,4,9.5,24.2,20.7
0.515746063680523,0.793443197630507,0.57439028407016,9.3,10.6,9.1,21.6,16.9,3.4,29.1
0.411472635465301,0.600553616253113,0.585247721357768,9.6,5.3,19,16.2,18.6,14.8,16.6
0.436146265024926,0.548765136484211,0.685441257137421,5.2,16.3,19,14.4,19.8,5.5,19.8
0.316333715019665,0.270698009867079,0.946936089945886,2.4,26.3,26.1,4.2,5.2,26.9,9
0.284540227545973,0.240253566511206,0.934596854509128,8.3,19,15.7,3.9,12.6,26.8,13.6
0.615252578915116,0.973871838707592,0.5701495380049,4.5,23.7,11.3,26.5,1.6,16.4,16
0.292278955369335,0.260499386742551,0.891667954669289,19.6,7.6,22.8,5.9,13.6,10.7,19.8
0.559408617383091,0.853030637608752,0.5854521459898,9.2,24.9,2.3,23,7.5,24.9,8.2
0.371134399799733,0.411469752152136,0.756153758988084,7.6,22.6,18.5,9.9,9.6,31.2,0.5
0.36316231024978,0.360512358312484,0.840920715364231,17.5,20.3,24,8.6,7.3,19.3,3.1
0.535234358697735,0.76936097251001,0.617700111752876,24,21.6,8.4,20.8,5.5,13.7,6
0.591032457252046,1.09295500754985,0.485868543154851,13.4,0.5,12,30.3,19.9,5.6,18.3
0.558116565726316,0.985697305768779,0.50534435146682,13.4,3.1,12.9,27.2,13.8,9.5,20
0.483453636771856,0.786696458783944,0.538268136386963,41.3,0.8,5.5,21.7,18.9,2.7,9.2
0.228452439124484,0.214094820157302,0.786812305877914,8.5,5.5,16,3.7,17.9,30.3,18.2
0.406319645520994,0.525889424716438,0.658540805812422,18.8,8.9,25.4,14.1,23.6,4.5,4.7
0.464858954216589,0.713171651058024,0.567687952284644,3.9,12.4,7.9,19.2,15.4,24,17.1
0.535680174809374,0.751116349183697,0.63329759141355,16.1,23.6,14.8,20.2,2.1,13.5,9.7
0.281464840644436,0.229991589434192,0.962925823458446,5.1,17.9,21.9,3.5,14.5,20.7,16.5
0.566085489088973,0.915787031987152,0.552623559203308,5.1,15.1,4.1,25,16.8,10.3,23.5
0.399770546431317,0.471075617622324,0.721265405639657,9.8,14,15.5,12.1,13.4,7.2,27.9
0.291795702283498,0.319032626986269,0.726557983969064,18.1,6.2,20.6,7.8,12.2,27.7,7.3
0.268126491618506,0.177341287519452,1.17359298857959,20.5,18.4,22.5,0.4,15.1,0.3,22.8
0.474188998097715,0.643790490680878,0.643359919248986,15.9,20.6,5.9,17.1,5,21,14.4
0.442721382371294,0.68168073825045,0.561437870979834,16.3,6.1,12.8,18.5,2,23.3,21.1
0.387504999311934,0.468286891143643,0.699368283643615,16.6,13.4,7.1,12.2,16,14.4,20.3
0.547395729139145,0.964452286664443,0.505360126030499,8.8,2.5,10.3,26.6,30.3,2.5,19
0.481136355486369,0.588437997294209,0.715685182504977,15,24.5,11.5,15.4,2.5,8.8,22.4
0.452057359460693,0.727250232136534,0.539095543921515,11.5,1.8,18.8,19.9,15.4,13.2,19.4
0.460647757939366,0.557162709624668,0.719085737466641,8.1,23.5,13.6,14.5,12.4,8.4,19.5
0.489899761775454,0.741106977533783,0.580077876484245,3.4,16.4,14.1,20,14.6,23,8.6
0.331477097964214,0.383048658357906,0.708727447651198,30.3,8.9,5,9.9,22.5,20.2,3.1
0.378248899463266,0.48050010290479,0.662328473062423,7.2,18.9,2.3,12.2,19.9,34.5,5
0.493130789517474,0.791501780359003,0.547226551178468,25.2,3.8,20.5,21.8,8.6,8.8,11.4
0.373376598574879,0.37455847880021,0.836655999828626,21.2,17.1,7.2,9.3,20.5,3.3,21.4
0.32078882938449,0.312512091825775,0.834491964329748,28.4,5.4,12.7,7.6,10.5,1.2,34.3
0.301495861444212,0.245499789094089,0.983690708392657,24.5,16.3,5.3,4.9,11,16.5,21.3
0.314860250452494,0.265034654488671,0.961611042692487,21.6,21.5,7.9,5.2,5.8,24.8,13.2
0.519664034163286,0.785831417834512,0.584939751365459,17.8,14.7,1,21.4,16.1,8.9,20
0.450476651639113,0.572257637418978,0.682344150792392,10.3,19.6,21.6,15,7.2,14.8,11.5
0.485789627050966,0.661482992514334,0.643689455162734,26.7,17,6.2,17.9,11.8,6.9,13.5
0.435416588025237,0.44650529289602,0.840788662526925,3.1,32.6,32.3,10.4,4.5,15,2
0.511611947114112,0.830153519148104,0.544010157997707,17.9,3.4,10,22.8,7.2,4,34.7
0.289603473037971,0.235061954329923,0.976778542033689,19,14.9,9.8,4.6,18,16.1,17.6
0.434204703116534,0.607482638133361,0.615992424518287,12.5,9.9,16.4,16.2,2.5,16.8,25.6
0.41972176894088,0.529180585416513,0.679771289526327,7.3,17.1,21.7,13.8,15.9,16.5,7.6
0.218034361781443,0.184571371341155,0.856223587835502,16.9,1.7,14.9,3,22.9,19.5,21.1
0.51520065971313,0.728879956520028,0.624520753577098,14.7,20.6,1.3,19.6,16.3,9.4,18.1
0.257264658995467,0.180771989552596,1.09123465136214,22.5,17.3,12.9,1.9,16.7,20.5,8.3
0.435870694397528,0.592670057258012,0.63419889328726,17.2,14.3,16.3,15.9,19,16,1.3
0.314425135314947,0.235862608564996,1.07870059125898,5,35,18.9,0.6,26.4,4.7,9.4
0.399953513729435,0.427825027176496,0.794608758568933,13,25.6,6,10.5,20,17.4,7.6
0.356568184472423,0.400836728822807,0.739872778982594,13.2,8.2,21.1,10.3,28.8,0.5,17.9
0.288932397197807,0.246632590323321,0.92823254581923,0.5,23.8,17.1,3,9.8,27.6,18.2
0.323951059841842,0.217239960468382,1.21502075066092,33.4,35.4,22.4,0,5.8,1.6,1.3
0.398401683394517,0.595488019797389,0.568276224112209,10.2,1.9,4.8,16.1,28.2,10,28.9
0.464958792895,0.698767577517424,0.579532888938172,8.8,7.7,20.1,19,19.9,7.5,17
0.211718080358418,0.178157022728243,0.851597529163056,13.5,3.2,24.4,2,10.5,23.8,22.7
0.560963965771603,0.990806564640534,0.505612279580882,31.5,6.9,0.7,27.4,7.3,21.2,5.1
0.444667363276128,0.45398433505438,0.847314177107126,3.1,28.1,25.8,10.8,3.9,0,28.2
0.423581573742664,0.574582132707213,0.632775634754957,6.8,12.1,21.7,15.3,23,12.4,8.6
0.450446895215815,0.591315166296249,0.660302521346462,20.6,18.9,17.5,15.7,6.8,20.2,0.2
0.599172903199731,0.981143177373144,0.549535394664091,6.8,16.5,26,26.8,1.1,14.7,8.2
0.400744356996243,0.510040225319428,0.668073497110628,7.4,9,22.7,13.5,21.8,3.7,21.9
0.42776617032611,0.509153167885055,0.722309500407814,9.8,19.4,12.9,13.2,18,8.1,18.5
0.396961784759952,0.494735225564261,0.681095194658186,20.5,14.7,10.6,13,10.5,21.1,9.6
0.777859075974523,1.36983985519288,0.524045984830427,9.5,24.1,18.7,37.8,4,5.1,0.9
0.254705714499611,0.223827664128829,0.869891196235438,19.4,6.3,1,4.6,35.5,12.5,20.7
0.553698158987373,0.810812755463334,0.608892935712701,8,25.2,5.5,21.9,25,10.4,4.1
0.249366003089624,0.192286594742338,0.984811257089307,9.9,13.7,16.5,2.1,18.9,18.7,20.1
0.482581026042125,0.688021340389262,0.614197556434866,9.6,17.3,5.1,18.5,14.5,15.4,19.6
0.392978380740486,0.441990222231686,0.753361418402469,21,17.7,4.5,11.3,9.2,14.8,21.5
0.316670139996089,0.240383031854841,1.06775481620135,19.1,19.6,9.7,4.5,19.9,4.8,22.3
0.558218066093699,0.937854040632764,0.531231987610305,14.3,6.6,7.2,25.8,16.5,2.7,26.9
0.291032256733133,0.308196966984489,0.749625341850818,4.3,9,5.3,7,28.5,19.8,26.2
0.422452618393516,0.650893313319026,0.556854112612254,17.8,7.9,2.2,17.6,16.8,28.2,9.5
0.430745521275051,0.511165863334199,0.725293975729868,21.7,18.1,20.5,13.4,5.5,10.3,10.5
0.331602038209183,0.291382389286788,0.932115488770543,7.7,21.8,17.4,5.8,9.5,17.7,20.2
0.36411641905839,0.353639687424542,0.859961225713054,10,21.8,2.4,8.2,21.4,10.5,25.7
0.53905210909989,0.790603040175174,0.605932541055935,16.5,14.9,23.9,21.5,4.4,1.3,17.4
0.393632133526588,0.374411583300708,0.891083899128814,41.3,21,9.1,9.3,11.3,2.3,5.7
0.602359058508793,1.06196543612461,0.510712533628218,14.3,5.1,19.1,29.3,6.8,5.4,19.9
0.558727197486263,0.891902239067835,0.559172491827697,8.5,9.4,26.2,24.4,4.5,1.3,25.7
0.462828115160802,0.689834133590296,0.583949235831882,12.2,10.4,21.9,18.7,20.7,13.2,2.8
0.31178276691474,0.255249776376631,0.986417189033008,2.1,25.1,7.8,3.9,26.9,14.4,19.7
0.425778220916245,0.534543332062994,0.684281701737024,9.6,18.9,18.1,13.9,9.3,20,10.2
0.456694464020611,0.576256757680614,0.688398806145498,9.6,19.4,24.8,15.2,17.4,6.9,6.7
0.59734854663712,0.891919956828045,0.602462746262685,4.9,25.3,2.7,24.2,21,1.5,20.4
0.373955863549612,0.345790843636565,0.907935734352722,15.8,26.2,4.8,7.9,29.7,8.2,7.4
0.555791078565142,0.874697970755429,0.566814026259778,14.3,19,6.4,23.8,4.5,21.9,10.2
0.328736005665006,0.273540942868569,0.982434303423923,11.7,26.6,8.8,5.1,25.8,18,4
0.424837187531893,0.718042379172982,0.508099797608187,0,1.7,32,19.4,9,33.5,4.3
0.458643263977503,0.650148208450504,0.613157521309777,22.5,12.6,11,17.5,0.7,18.6,17
0.40436150530934,0.646792430223489,0.53241424793786,14.2,1.1,15.6,17.6,27.7,19.9,4
0.635923472187457,1.09620105825721,0.525381240831028,10.8,12.4,1.7,30.2,12.8,3.7,28.4
0.545059593770565,0.764096113833614,0.634814894342191,14.4,23.9,1.4,20.6,16.4,4.2,19.1
0.572548281395131,1.00142940323394,0.511816688964738,9.5,4.7,6.5,27.6,21.1,3,27.6
0.379657077227435,0.320390211819675,0.997711744725045,20.1,33.9,2.2,6.2,3.9,17.4,16.3
0.544627572113917,0.77680604977647,0.623872036338249,14.4,20.7,7.2,21,12.1,2.7,21.9
0.403431179511739,0.564012250746307,0.608907304863161,13.4,7.7,17.6,15.1,17.8,17,11.4
0.346066320904335,0.369447017047154,0.774309461721337,5.2,13.8,13.6,9,22.9,12,23.6
0.323563824302593,0.280260027516097,0.940426027352242,2.3,28.1,10.9,4.4,10,25.9,18.3
0.267665168774134,0.232351037914533,0.893756148619059,13.5,9.2,14.6,4.6,20.6,17.9,19.6
0.480822379428503,0.652552456602331,0.644886667992356,1.7,24.1,4.8,17.2,24.6,17,10.6
0.570736136721346,0.879144183060325,0.580946955644362,17.1,23.9,3.6,23.8,0,25,6.6
0.412072983692341,0.616454443390664,0.571125713290094,10.1,5.8,30,16.6,5.6,26.1,5.9
0.530428613457366,0.904957444207388,0.519835066796311,24.7,6.6,9.2,24.9,0.9,22.3,11.5
0.605853321391059,0.914004035677241,0.597211062625783,25.1,27.4,4.2,24.8,0.1,16.7,1.6
0.43286851822385,0.652148814559203,0.571753731509697,8,10.4,17.2,17.6,19.8,25.1,2
0.36288646290929,0.412682468586596,0.733945553700527,14.3,13.9,22.8,10.5,20.1,16.9,1.5
0.341643825260148,0.275687765241619,1.02160436830887,3.1,26.2,26.5,5,28.6,4.8,5.8
0.380161833682826,0.442903983047632,0.722869619459698,20.3,15.7,6.3,11.4,8.6,20.8,16.9
0.344880176792574,0.377573094514299,0.75450338207768,1.8,12.7,18.4,8.9,7.1,17,34.1
0.501244900050287,0.756609711403696,0.583186936936971,1.6,17.6,5.2,20.2,1.4,25.8,28.2
0.449155445434671,0.580913875894191,0.669902134521491,13.2,16.5,18,15.5,21.5,5.8,9.5
0.323943404453352,0.301025703399709,0.876813512841067,21.9,11.9,18.1,7.1,10.2,10.9,19.9
0.412524985322572,0.4940478049078,0.713544280170137,19.6,15.5,11.7,13,21.6,6.1,12.5
0.315414928691766,0.252921679813677,1.00985779028483,6.8,29.7,14.3,3.5,21.4,22.3,1.9
0.573706021106931,1.04271554547266,0.492661707536037,1.9,1.6,16.6,28.8,16.3,8.4,26.5
0.438240958672288,0.56624362682881,0.667982721131165,5.5,13.6,23.5,15,13.1,5.5,23.8
0.467360074601997,0.549865017230573,0.740836499571639,21.3,24.5,23.8,14.4,8.2,7.1,0.8
0.522307541962819,0.770898582240243,0.599699561801432,9.3,19.1,0.5,20.9,28.5,6.9,14.9
0.499891673372091,0.611805051804905,0.719006278346923,15.8,33.4,4.1,15.8,5.8,19.9,5.2
0.286793818955731,0.282711355564169,0.802209796289042,19.8,6.6,13.3,6.7,17.7,18.3,17.7
0.237106499520194,0.194634425854262,0.909944367461527,24.7,6.3,15.2,3.7,24.5,23.3,2.3
0.322115461053213,0.227457758318419,1.15236984216769,23.9,33.4,15.6,0.6,0.1,6.1,20.3
0.446829974211635,0.723393589702966,0.534743436654549,7.6,2.4,18.6,19.7,20.5,15.3,15.9
0.510877611065701,0.731020409785101,0.6167784168957,11.5,18.5,13,19.8,17.6,8.1,11.5
0.343104600453161,0.328311802133968,0.862304061605559,21.8,16.7,2.4,7.9,22.2,10.2,18.8
0.394762916552469,0.607396076534791,0.551144351248199,9.7,3.6,18.9,16.4,14,27.6,9.8
0.290670865099321,0.236469883827682,0.975476713421202,3.3,29.5,25.6,1.7,10.8,27.3,1.8
0.273594450818951,0.226154975280493,0.944460543280274,3.4,23.3,14.1,2.8,27.9,27.5,1.1
0.53324611543463,0.756815967484785,0.625312012122874,1.7,26.8,0.2,20.2,22.8,14,14.3
0.593289583060022,0.92545032212082,0.576248741086288,13.1,21.7,13.1,25.2,2.6,15,9.4
0.45989481799169,0.547025304144759,0.731035319503001,24.1,20.6,21.8,14.4,14.1,0.9,4.1
0.379176566268918,0.485353688747271,0.657616442748653,19,5.6,20.2,13,27.9,3.5,10.9
0.412075498249636,0.490614115970834,0.717622030815285,11.9,11.8,26,12.8,9.6,0.7,27.2
0.483874728211138,0.770126467434654,0.550396261049299,10.6,11.3,7.4,20.9,4.6,28.1,17.2
0.339741274727133,0.318883070737942,0.877253452432485,22.9,17.2,6.8,7.6,19.4,12.6,13.7
0.416783404312813,0.621885582543671,0.573712294235023,5.6,2.9,23.6,16.7,13.4,12.9,24.9
0.410054884813453,0.329761941673103,1.06153816003566,16.8,39.8,6.2,6.1,14.3,3.4,13.3
0.463445539718069,0.770822095587327,0.523396438721264,0.8,5.7,22.2,21,13.6,26.7,10
0.310313909463421,0.221460222487118,1.13028834999017,19.3,25.6,8,3.1,22.9,9.9,11.2
0.325931878616827,0.271088103322729,0.980979524211125,8.4,21.1,21.7,5.4,20.1,11,12.5
0.397801589286341,0.416057405048046,0.811911013210623,15.9,23.6,10.9,10.1,2.3,17.7,19.4
0.2929102164344,0.219115788916259,1.06295496817626,18.6,20,11.5,3.4,14.2,16.4,15.8
0.475191501228606,0.627542210888718,0.661615257148386,0.6,25.6,7.5,16.4,11.8,22.1,16
0.393086032941733,0.50042129184212,0.66561123271873,6.1,12.2,26,13.1,21.7,14.5,6.4
0.455388627766754,0.64722359489049,0.610899588470122,16,13.7,12.6,17.5,14.8,16.9,8.5
0.461612159360301,0.627923657400622,0.639587559135502,0.8,21.5,9.8,16.6,19.2,20.9,11.3
0.300270636899901,0.29745613131524,0.807751502171141,14.9,11.7,5.7,6.8,15.9,22.6,22.4
0.417438837899429,0.546062296927725,0.654575201237045,14,13.9,9.4,14.4,11.1,17.7,19.3
0.534307263303804,0.730967982690682,0.648875565736663,13.7,23.1,13.9,19.6,1.4,7.4,20.9
0.359788430044023,0.299813193936214,0.999917402260165,22.9,21.9,19.2,6.6,10.2,4,15.2
0.296418251507214,0.24735200836569,0.95579677346985,25.1,8.9,25.6,5.5,10.2,8.2,16.5
0.520818279256506,0.710875449101382,0.648240531923035,16.1,20.6,13.5,19.1,10.8,2.7,17.2
0.582273081263638,1.03491250025885,0.504654336606242,4.6,6.3,2.9,28.5,28.1,5.8,23.7
0.656906738712823,1.01981405859529,0.585309384276398,8,30,0.5,27.8,26,1.7,6
0.583500075288837,0.974105046217165,0.537416449408403,0.8,16.7,15.6,26.6,0.6,24.6,15.1
0.45882536246258,0.717355873233672,0.555965842538891,20.9,1,25.3,19.7,22.4,0.8,9.9
0.441249996231426,0.706847859405804,0.539366415499816,13,2.7,17.3,19.3,14.4,18.5,14.8
0.445216989640342,0.694671678460518,0.554531013116919,14.9,4,10.6,19,22.8,11.2,17.6
0.493633979146411,0.737338552072202,0.588107020754218,9.2,14.6,8.2,20,21,12.3,14.7
0.355158920904996,0.312907722421303,0.943277841214768,27.8,30,3.1,6.4,2.6,29.4,0.7
0.485403375765806,0.636312670967382,0.668544561778202,14,23,17.6,16.9,12.2,13.2,3.1
0.397845150308036,0.510753190494772,0.661464591108597,12.4,12.3,22,13.5,20.8,15.2,3.9
0.458222530226971,0.619197762472467,0.643126565310671,16.6,13.4,14.3,16.7,19.6,3.7,15.6
0.25978445249148,0.236321214391985,0.845393643585881,15.9,2,30.1,5.2,18.4,12.3,16.2
0.282911536603331,0.20422093616767,1.09152147074831,19.3,19.8,5.4,2.7,19.7,13.5,19.7
0.299692105369432,0.265351033654692,0.903301947115644,2,19.9,30.3,4.4,2.7,27.2,13.4
0.449917138052029,0.690857621014649,0.564395797616541,15.7,5.9,21.6,18.8,9.1,17.5,11.4
0.655219329204435,1.2810621817594,0.464629537644273,2,3,12.3,35.5,20.5,15.4,11.4
0.598144910328387,0.967364988958549,0.556299759109274,1,14.2,15.7,26.4,7.2,2.2,33.2
0.380527648166019,0.285966340448831,1.12085795713909,23.8,30.8,30,5.3,5.6,0.1,4.3
0.459697706236163,0.650784800377276,0.614177998632495,15.2,12.4,15.5,17.5,8.7,13.9,16.8
0.552991764756018,0.93334830216588,0.52819699099683,25.2,4.7,17.1,25.8,5.8,6.5,14.9
0.586666613658949,0.992540484489682,0.530624817716868,4.5,16.1,6.2,27.2,30,13.6,2.4
0.251528250689109,0.178465032716096,1.07319763302761,27,11.3,13.6,2.4,9.6,17.6,18.5
0.590606813285122,0.976896827050666,0.543155427054737,11.2,15.2,19.7,26.8,5.9,15.1,6.1
0.511174411748232,0.810630816283604,0.556571996382613,11.1,10.4,19.1,22.1,2.9,18,16.4
0.504114602255203,0.889312792339601,0.499390772381478,3.3,5.8,3,24.2,1.4,33.9,28.3
0.502693216037717,0.873119503900695,0.50702477044662,26.1,0.6,9,24.1,20.1,11.6,8.5
0.257276176342095,0.186800287312724,1.0560806901321,17.4,16.1,1,1.7,25.7,11,27.1
0.688628014721897,1.27365154164966,0.493563580119948,4.6,12.4,5.8,35.2,3.4,17.7,20.9
0.499931751013194,0.725726931105251,0.606194605928702,4.1,18.8,11.1,19.5,23.9,12.5,10.1
0.262799774416411,0.178154099140391,1.13833908618964,23.1,21.9,18.3,0.6,16.5,15.3,4.2
0.388700319467706,0.468075175840866,0.702238307932519,17.9,13.4,13.3,12.2,12.4,15.5,15.3
0.263695225873948,0.169768845140061,1.19983867302565,28.7,16.1,29.2,1.3,5.6,11.5,7.7
0.356418527654806,0.353149578905195,0.839356876974732,20.3,20.1,17.7,8.4,3.2,23,7.4
0.307023236072038,0.207906723016038,1.18814453178112,21.2,22.8,22.6,2,4.6,2.9,23.9
0.433314910616418,0.524652882491661,0.711546477822605,9.8,21.1,12.4,13.6,15.6,13.4,14.2
0.610701299838302,1.17038477224258,0.470530130687792,19.1,1.2,3.9,32.4,2.4,21.6,19.4
0.269078873223898,0.219448083506382,0.952748686081909,20.2,13.2,2.7,4.2,31.6,17.3,10.8
0.42916061602696,0.463106457847395,0.797139857955959,0.1,26.3,12.3,11.4,24,3.4,22.5
0.27589678994326,0.205684805473643,1.04964870616524,3.1,23.8,23.6,1.4,34.2,9.8,4.1
0.273973241605743,0.239378798234377,0.893868810370754,14.5,15.5,2,4.4,17.9,27.7,18
0.472168884820401,0.629289313108499,0.654975185871839,18.2,19.9,9.1,16.9,26,8.4,1.6
0.543191211506638,0.894367767915742,0.540260090804345,0.9,13.6,18.4,24.4,14.4,19.8,8.5
0.413891158398948,0.514641413813954,0.687646094736717,6.3,17.7,8.2,13.3,15.2,17,22.2
0.462279306057812,0.58199459951842,0.691207970642139,4.7,22.5,13,15.2,16.3,10.7,17.6
0.487947511233373,0.74032613046659,0.578052690053854,5.7,13.7,21.4,20,7.5,21.3,10.5
0.21256064514147,0.180047201325801,0.847336942857596,7.3,8.3,17,1.7,23.1,27.3,15.3
0.499433222535515,0.867650150028924,0.506463604623207,16.2,5.3,8.1,23.8,14.7,26.1,5.7
0.561955553949307,0.816979532693619,0.614404074841797,21.3,20.7,3.9,22.2,11.3,1.6,19
0.300247556847928,0.250105734623209,0.960583959459657,17.7,9.8,28.9,5.5,20.8,3.2,14
0.553158217312145,0.852876503323779,0.578229339640897,20.2,15.9,15.6,23.3,8.8,9.1,7.2
0.478229308455602,0.759773640274084,0.550465673308603,17.7,7.3,10.6,20.7,5.2,20.2,18.3
0.422464105339833,0.535980924137903,0.676263070225563,6.4,14,24.6,14.1,10.7,10.8,19.6
0.390850134887832,0.496851498731694,0.665893402218548,1.2,13.6,16.5,12.8,14,19.9,21.9
0.516494773479421,0.903476033002446,0.505264950927796,6.1,4.4,22.9,24.8,9.9,23.1,8.7
0.365146769854346,0.414129985909833,0.736838143183344,4.2,18.2,12.6,10.2,20.4,22.5,11.8
0.507217920656729,0.906084909522286,0.493571756859426,14.2,0,10.8,25,10.2,19.9,20
0.439589639662645,0.722817531713188,0.525152784773993,13.7,2,19.4,19.7,0.7,28.3,16.2
0.615556080998028,0.875182801457697,0.634788617958099,4.4,30.8,32.3,23.5,3.4,3.8,1.8
0.545514637375651,0.910633204669411,0.533161579092548,5.4,11.7,11.3,24.9,4.6,22.1,19.9
0.457871919914534,0.478756705532286,0.831052422487068,24,32.5,3.8,11.9,10.8,8.1,8.9
0.442551344347746,0.565656165876048,0.676296604590666,16.6,18.5,9.3,15,12.1,14.8,13.7
0.535858593324093,0.840133174386981,0.566408526447383,19.5,12.7,7.7,23,20.5,5.6,11.1
0.296118423447058,0.222835254960229,1.05960981573226,17.9,22.2,15.9,3,4.1,19.7,17.4
0.2877858166818,0.219879133909899,1.03595922282985,22,23.7,5.9,2.4,0.4,25.4,20.2
0.534587565117347,0.80652528043086,0.588434828557157,3.3,18.6,18.7,21.9,16.4,12.2,8.9
0.5286375606688,0.847594831199514,0.552902806174013,18.5,10.1,1.6,23.2,6.3,12.4,27.9
0.496727890409739,0.733353492759564,0.595521661411006,7,14.1,14.8,19.8,13,11,20.3
0.420718006357239,0.590351094343843,0.611022846935122,13.5,8.9,12.1,15.9,17.6,13.9,18.2
0.504691675090007,0.797694642612992,0.557471056384858,27.3,8.4,14.5,21.9,6,14,7.9
0.445069451992687,0.680237098826759,0.566081227643768,15.5,6.4,17.4,18.5,15.3,16.7,10.2
0.343353567873402,0.28245862169196,1.0031684151685,3.6,30.7,9,4.1,8.3,14.4,29.8
0.485288783160422,0.70971153686669,0.599241749736847,7.4,17.4,11.6,19.1,22.3,16.8,5.4
0.378244323233926,0.573970924638343,0.554460704493787,24.9,0.4,13.6,15.6,12.8,24.1,8.7
0.48553390430002,0.690617403840226,0.616164466655212,4.8,20.2,15.8,18.4,5.7,24.2,10.9
0.489083740009367,0.777033963424501,0.552207188110972,14.2,10,7.7,21.2,4.5,23.4,19
0.436491943709809,0.613754057416164,0.613424773588949,10.5,11.2,12.1,16.5,18.5,13.6,17.5
0.48613481265354,0.781775610496465,0.545085836564949,24.3,6.4,20.6,21.4,5.8,19,2.5
0.384163621958783,0.549464780853111,0.589962511255916,23.4,4.3,7.2,14.8,17.9,19.4,13.1
0.29730247639665,0.284689564953254,0.83354820692362,7.5,7.3,25.5,6.5,24.9,7.5,20.7
0.476435165023498,0.742169226180104,0.561105406063335,18.7,4.4,13,20.3,16.1,4.9,22.6
0.264488621599184,0.190542203587735,1.07319332803364,22.5,15.1,20.3,2.7,11,20.1,8.2
0.355115126706204,0.267136904905523,1.10473364513441,15.5,27.8,23,4.7,11.5,2.4,15.2
0.357014959715651,0.501897565838123,0.59178402114715,24.6,7.4,4.3,13.3,15,34.7,0.6
0.238020538331166,0.224790919267779,0.791938299425262,11,2.5,17.1,4.3,16.7,22.2,26.2
0.428439076798293,0.568216208003479,0.648413529231882,8,19.7,2.1,14.8,6.2,29.5,19.8
0.383817048000025,0.396747529859855,0.816179115505543,0.6,20.3,19.2,9.5,24.7,4.6,21.1
0.454993365273258,0.46990591484884,0.840579683701831,6.8,32.9,20.2,11.4,22.6,2,4
0.303963010840339,0.346098368962721,0.704895003034864,19.9,5.7,1.3,8.5,12.8,23.5,28.2
0.394904204750778,0.391789887077242,0.854805638933581,21.2,23.3,6.5,9.5,11,9.2,19.3
0.436371409577991,0.444630871671007,0.846480605729233,4.4,35.6,1.6,10.4,29.1,9.4,9.5
0.491406860175571,0.810145845800167,0.532505180902925,17,8.7,8.6,22.2,19.5,22.1,1.9
0.658729006388473,1.06170884708358,0.563929563206645,1.5,24.3,12,29,9.3,6.3,17.6
0.423482169961718,0.532772811764296,0.682246094274281,2.3,20.7,20.2,13.7,7.2,24.9,11.1
0.21260488291259,0.156971686732747,0.972180946060724,21.5,11.3,18.8,0.2,15.3,23.4,9.4
0.394732357245671,0.479987506419354,0.697377229134009,0.9,16.7,21.1,12.2,9.2,20.8,19.2
0.433206674167407,0.600810758329912,0.621171756652324,7.8,10.9,14.8,16,11.6,13.9,25
0.338266293680844,0.474546228227862,0.586383954035411,26.5,1.8,4.7,12.6,9.4,29.9,15
0.480306972288941,0.622069697967588,0.675658971433841,12.2,21.6,11.1,16.5,19,6.3,13.2
0.4198410012972,0.674645897557199,0.533377587561319,15.7,1.6,20.5,18.3,7.7,26.1,10.2
0.385255669367978,0.432323634475003,0.752343021363973,6.9,18.2,17.8,10.9,22.3,13,10.9
0.500833143122036,0.875822175227804,0.503336357071998,10.4,4.4,8.8,24.1,23.4,21,7.9
0.509705745776275,0.76046395507092,0.59135708244625,23.4,13.5,22.9,20.7,7,11.4,1
0.482944335833518,0.692032132600273,0.611162857777034,12.8,20.6,9.7,18.5,13.2,25.1,0.2
0.372043076588217,0.433797597844733,0.719328733350675,6.7,11.9,29.7,11.1,20,10.6,9.9
0.510795955279225,0.717884718971339,0.627950342675037,4.7,20.9,19.6,19.2,9.4,13.1,13
0.448924163656757,0.683965209545718,0.568631500884491,14,12.2,2.3,18.4,0.7,33.5,18.9
0.432593089978187,0.664485577697748,0.560724118752307,24.3,5.7,2.9,18.1,20.8,17.6,10.5
0.593776430500873,0.986085758445029,0.541308325294741,15,14.7,8.6,27.1,20.7,7.6,6.2
0.62383144597458,0.916209731827544,0.615395609092601,11.2,27.4,6.8,24.8,2.5,1.4,25.9
0.555704938074848,0.711351628537494,0.696849375454436,19.4,37.4,3.4,18.6,2.2,17.3,1.7
0.335915810115747,0.31291258847857,0.881766411052023,9.8,18.5,6.1,7.1,33.1,7.8,17.6
0.416102564499975,0.622264639134791,0.5722686813686,12.9,4.8,13.4,16.8,7.3,20.7,24.2
0.402166701053778,0.575787963705042,0.594258169017683,12.6,5.2,19.9,15.5,16.1,15.9,14.7
0.514678234351405,0.72644516399512,0.625894777591856,15.7,16.8,15.2,19.6,6.9,4.6,21
0.414687341330058,0.480394294380088,0.738325466141838,2.4,23.7,19.7,12.1,19.4,17.7,5.1
0.581318998880248,1.00692584144614,0.517733260407275,6.3,10.5,2.7,27.7,13.6,15.2,24.1
0.510536907142962,0.756666491353511,0.595423363253538,26.7,10.6,15.4,20.7,11,0.7,14.8
0.252207545958157,0.204755742266222,0.938716266663968,7.3,20.8,15,1.3,14.5,28.7,12.4
0.497029692921649,0.642657049015065,0.680035632677553,22.3,22.1,2.9,17.2,20.6,0.4,14.6
0.421842892795489,0.598246304646413,0.604839327857366,26.4,9.6,12.6,16.1,7.2,22.4,5.7
0.270363082028897,0.268401746139404,0.783761972694609,13.7,5.9,18.9,5.7,2.2,26.3,27.4
0.488397526908489,0.734241427825215,0.583455946060386,14.7,12,11,20,13.5,12.9,15.9
0.357334875456305,0.308631179987449,0.963398693121015,21.8,19.5,25.6,7.1,15.1,2.8,8
0.605573485234911,1.0289773162963,0.53020943862849,10.1,13.1,12.4,28.3,21.2,6.7,8.2
0.346846101358285,0.336833752011793,0.851595481881052,13.4,20.3,13.2,7.9,19.5,18.4,7.4
0.535394851287103,0.983294410724577,0.483471528061256,1.9,2.2,6.2,27.1,21.1,20,21.7
0.447630536680165,0.561165551177888,0.690759680216519,20.4,19.2,6.1,14.9,18.4,8.7,12.4
0.280582367409313,0.214308605187106,1.02927442981923,31.4,7.9,14.8,4.6,23.7,2,15.7
0.407221998887174,0.46040258410205,0.75417039538208,0.1,20.9,19.4,11.5,14.6,12,21.5
0.268161197363173,0.197168237889383,1.05575421067544,17.9,21.6,23.7,0.7,1.4,18.3,16.4
0.33185790201135,0.366514077240444,0.74173931887752,19.6,5.5,24.2,9.2,5.5,12.6,23.4
0.349045513403555,0.41788523197727,0.691686356169862,27.3,7.8,4.8,11,33.5,9.3,6.3
0.320941694165895,0.2652221926193,0.983860707842238,5.6,24.8,8.2,4.6,23.5,14.6,18.8
0.41425432083986,0.515094003781362,0.687746932092471,17.8,14.2,10.8,13.6,13.5,11.1,19
0.312020392158443,0.217949873167175,1.15632272914944,25.2,24.1,3.4,3.4,28.2,4.9,10.8
0.572823108638583,1.10225352093707,0.465249689747068,1.8,1.9,6.1,30.4,7,30.4,22.4
0.453667247929144,0.702932197673593,0.560035874344659,3.9,7.8,20.7,19.1,22.7,16.2,9.7
0.456762951497769,0.620146874978137,0.639788681530899,14.2,18.2,16.8,16.5,11.7,19.7,2.9
0.614416953792335,0.932609351110621,0.594479299539613,30.1,24,0.7,25.5,2.5,6.4,10.9
0.354886711397611,0.508081145697115,0.580392942928458,2.4,2.5,23.2,13.4,22.4,22.1,14
0.477261542172063,0.712246798352634,0.58583842445786,13.4,12.9,9.8,19.2,0.5,22,22.3
0.585812061000545,0.897311192318991,0.585986294945957,2.6,25.2,4.8,24.3,13.6,15.2,14.2
0.313947143494322,0.236231374902263,1.07499329248449,14.4,25.6,0,3.4,24.4,9.1,23.2
0.28413206306371,0.298735334658759,0.750269677069613,24.7,2.2,16.8,7.4,14.6,17.5,16.9
0.505365824472954,0.827323662593691,0.538321148795279,18.5,7.1,1.2,22.6,6.6,17.2,26.7
0.416892278390996,0.645480891623806,0.55290913026593,6.9,5.3,15,17.4,15.4,24.6,15.3
0.44952431831952,0.747478243219966,0.521117934672637,4.1,1.3,22.9,20.4,22,16.7,12.6
0.376589863967674,0.460113226971764,0.688069469446273,19.1,10.5,17.2,12,2.9,19.4,18.9
0.269382412946619,0.295781015142452,0.707896728415034,8,4.1,9.6,6.8,22.3,24.7,24.6
0.552606084063794,0.912859371516822,0.539629760545999,9,15.6,5,25,19.1,20.8,5.5
0.30953157000379,0.227197802765301,1.09830098252121,18.4,33.6,22.5,0.2,3.3,11.1,10.9
0.254734310371662,0.179945544960521,1.08218467100358,31.2,10.1,7.4,3.1,29.2,10.3,8.7
0.408616191913242,0.652903782854016,0.533947269212238,10.4,1.6,18.2,17.7,9,27.3,15.8
0.541148613712592,0.819590752089366,0.587059593444668,21.5,13.3,20.1,22.4,1.2,5.8,15.8
0.367159807011675,0.424056567372882,0.7243368707024,12,12.6,17.2,10.7,6.2,17.9,23.5
0.568373170597861,0.973584104827284,0.522166670631961,2.3,8.6,25.9,26.8,16.1,10.7,9.7
0.612715955712877,1.1276495175387,0.490148709431703,24.2,2.3,17,31.3,18.6,4.3,2.4
0.47621236395777,0.664005426953987,0.626820726250799,12,18.7,1.1,17.8,13.1,17,20.3
0.243551428066136,0.238515813960631,0.769556638690769,5,2.3,15.6,4.7,24.6,17.5,30.4
0.356465383504405,0.368043853885231,0.805516463255092,14.9,16.8,15.7,9,17,15.1,11.4
0.548281236638732,0.866676659493302,0.563394930843301,13.7,17.5,8.2,23.7,14.3,17.7,4.9
0.411610187735069,0.599587767104462,0.586419882168493,22,7.4,0.3,16.2,16.2,20.5,17.4
0.589500414203926,0.947079819504894,0.55908742146014,4.8,21.5,6.5,25.9,29.1,11.7,0.4
0.396133990201564,0.46160084526539,0.728191886235194,13.5,17,11.8,11.8,9,16.4,20.5
0.298287258804934,0.35139368759855,0.678120487688343,21.5,3.2,6,9,25.2,20.2,14.9
0.364625662549309,0.307018124266086,0.992207425139815,16.4,29.9,1.7,6.1,14.7,12.9,18.3
0.432822018259052,0.487865176914598,0.764190673777718,2.7,25.3,16.1,12.2,11,12,20.8
0.502536703371457,0.739306633413291,0.598583433951239,16.9,15.6,0.2,20.1,15.3,11,21
0.269104276483718,0.200888509548341,1.04089714714818,14.6,20.4,26.5,0.2,1.5,9.7,27.1
0.509466936816072,0.632879443719201,0.710193609978417,26.5,25.2,0.7,16.8,6.9,0.3,23.6
0.366782396032519,0.482721626294385,0.635526521543143,31.9,4.1,9.8,12.9,4.2,18.8,18.3
0.569234801983279,0.946865830646239,0.537810939524268,15.2,9.3,24.9,26.1,16.4,4.4,3.8
0.376822788620277,0.454142930135663,0.697627921953194,12.3,15.4,2.7,11.5,8.7,24.4,25
0.65964244161504,1.19581257097342,0.501451863084963,23.7,6.6,25.9,33.1,5.7,4,1
0.558310680410051,1.01323749786172,0.491800472704237,27,4.9,6.5,28,4.4,26.1,3.2
0.286565306371785,0.204108424927446,1.11002427485451,14.9,25.2,21.6,1.5,13.7,15.4,7.7
0.465802066707218,0.774743802193047,0.52378872287655,12.7,0.8,19.2,21.2,0.8,19.8,25.7
0.270728313832802,0.187480462454148,1.12400146166878,35,7.3,18.5,3.5,16.5,0.8,18.4
0.428400398782836,0.45040170226963,0.81793740327006,17.1,23.2,13.2,11.3,13.5,0.4,21.2
0.452479158954845,0.605585126397391,0.648099072858167,22,13.6,2.3,16.3,17.1,5.3,23.4
0.456998975960392,0.495635904613579,0.800989137923555,2,30.8,20.7,12.1,9.2,8.3,16.9
0.462421197766772,0.773879113950163,0.520005244375528,14.7,3.6,10.9,21.2,24.2,19.5,5.9
0.537698431011832,0.897097141786088,0.532493538058489,17.4,10,5.4,24.7,27.9,10.8,3.8
0.471770089504457,0.799690062100828,0.514912100348872,3.9,0.7,25.3,21.8,1.8,21.5,25
0.383991699953234,0.407118796667759,0.795816117077091,4.8,18.8,22.3,9.9,11.5,10.4,22.3
0.570082023113416,0.867341199366588,0.58809845939052,17.3,20.5,12.9,23.6,7.1,11.7,6.8
0.444855555041403,0.540304450574121,0.712293882888546,16.7,21,14.2,14.2,16.9,9.4,7.6
0.539857164943798,0.717315814007638,0.66896219987517,18.8,23.5,23.3,19.2,1.4,0.9,12.9
0.422072958191594,0.540921478223048,0.669363249137417,29.3,15.7,8.8,14.4,13.9,17.3,0.5
0.30381454065372,0.243047771463503,1.0031548085613,24.7,17.3,24.4,4.8,5.3,19.6,3.9
0.569434746671855,0.829509761341823,0.614139544117948,17.9,20.6,8.8,22.5,4.3,2.1,23.7
0.38235775607008,0.348703036354757,0.924447803609388,6.5,29.6,9.9,7.3,9.2,13.5,23.9
0.405468274954399,0.494470660112366,0.698662838510767,7.6,21.5,4.8,12.6,11.3,27.3,15
0.565337651300031,0.880981859146969,0.573607329201235,8.1,20.8,3.9,24,22.5,12.5,8.3
0.409881901539936,0.511589209164919,0.683911809068565,7,14.9,9.1,13.4,23.6,9.4,22.7
0.473088108509947,0.772913848453677,0.534455566213994,7.2,6.7,19,21.1,18.3,21,6.7
0.374320155251507,0.49577790061856,0.633993880847339,12.9,7,18.9,13.2,20,16.7,11.4
0.562554315302444,0.987440812277032,0.508946267010736,9.8,9,8.1,27.1,5.7,24.2,16.1
0.449892306833942,0.558569390994894,0.698019463865513,4.2,19.2,18.3,14.6,21.9,3.4,18.4
0.49730073055641,0.769367571959523,0.568389865253401,6.9,10.4,19.2,21,31.8,4.3,6.3
0.444163628757065,0.663916222872176,0.578632688165277,3.7,11.2,13,17.9,17.9,21.9,14.5
0.366228017834792,0.384037867690804,0.79739016278817,14.1,20.3,21.1,9.2,3.9,24.8,6.6
0.198316744946898,0.172365381317507,0.802462442804049,13.2,4,5.3,1.5,25.9,24,26.1
0.336477078913252,0.348478499767738,0.7933834629612,18.4,11,19.1,8.5,4,16,23.1
0.534067191315227,0.797809912109465,0.594210706234221,18.6,17.9,12,21.7,21.6,7.1,1
0.490196636067162,0.708874255252955,0.606872986117474,19,14.9,9,19.3,24.3,6.6,6.8
